date,Open,High,Low,Close,Volume
2000-09-11,16.3,16.3,15.2,15.8,397000
2000-09-13,15.7,15.7,14.7,14.7,140471
2000-09-14,14.6,14.6,13.9,14.0,169549
2000-09-15,13.6,13.6,13.05,13.05,130031
2000-09-16,12.8,12.8,12.15,12.35,177009
2000-09-18,12.1,12.1,11.5,11.6,163000
2000-09-19,11.2,11.3,10.8,11.3,196000
2000-09-20,11.1,11.9,11.1,11.9,278000
2000-09-21,10.5,11.5,10.1,11.2,277000
2000-09-22,11.0,11.0,11.0,11.0,26000
2000-09-25,10.8,10.8,10.3,10.3,36000
2000-09-26,10.1,10.4,10.0,10.4,228001
2000-09-27,10.1,10.2,10.0,10.2,28002
2000-09-28,10.0,10.1,9.8,9.9,69002
2000-09-29,9.6,9.7,9.4,9.6,21001
2000-09-30,9.5,9.5,9.0,9.3,34000
2000-10-02,9.1,9.2,9.0,9.2,41000
2000-10-03,9.0,9.2,8.6,9.2,101000
2000-10-05,8.9,9.8,8.9,9.8,17000
2000-10-06,9.8,10.45,9.8,10.2,84043
2000-10-07,10.05,10.05,9.9,10.0,18447
2000-10-09,9.8,9.85,9.65,9.85,23000
2000-10-11,9.7,9.7,9.55,9.65,24002
2000-10-13,9.35,9.35,9.35,9.35,4011
2000-10-16,9.35,9.35,9.35,9.35,36000
2000-10-17,9.2,9.2,9.15,9.2,7000
2000-10-18,9.05,9.05,8.9,8.9,4057
2000-10-19,8.65,8.65,8.3,8.3,33000
2000-10-20,8.2,8.45,8.2,8.45,51001
2000-10-21,8.35,8.35,8.2,8.35,18001
2000-10-23,8.25,8.25,8.25,8.25,3000
2000-10-24,8.1,8.15,8.1,8.15,15000
2000-10-25,8.05,8.05,8.05,8.05,49001
2000-10-26,7.9,7.9,7.9,7.9,6001
2000-10-27,7.8,7.8,7.8,7.8,5010
2000-10-31,7.55,7.55,7.55,7.55,21000
2000-11-02,7.3,7.3,7.3,7.3,4001
2000-11-03,7.05,7.05,7.05,7.05,5000
2000-11-04,6.85,6.85,6.85,6.85,27000
2000-11-06,6.65,6.65,6.65,6.65,6000
2000-11-07,6.45,6.45,6.45,6.45,12000
2000-11-08,6.0,6.3,6.0,6.2,66000
2000-11-09,6.0,6.0,6.0,6.0,16000
2000-11-10,5.6,6.0,5.6,6.0,73000
2000-11-13,5.8,5.8,5.65,5.75,98199
2000-11-14,5.5,5.55,5.35,5.45,69000
2000-11-15,5.4,5.5,5.4,5.5,150001
2000-11-16,5.45,5.5,5.45,5.45,48200
2000-11-17,5.35,5.35,5.35,5.35,3000
2000-11-20,5.2,5.2,4.98,4.98,17000
2000-11-21,4.81,4.92,4.81,4.81,24019
2000-11-22,4.81,4.92,4.81,4.81,201
2000-11-23,4.65,4.65,4.65,4.65,1000
2000-11-24,4.49,4.97,4.49,4.97,63000
2000-11-27,5.05,5.3,5.05,5.3,26391
2000-11-28,5.35,5.4,5.2,5.4,51276
2000-11-29,5.3,5.4,5.3,5.35,56000
2000-11-30,5.3,5.35,5.3,5.35,35000
2000-12-01,5.35,5.4,5.35,5.4,29000
2000-12-02,5.4,5.65,5.4,5.65,78000
2000-12-04,5.65,5.9,5.65,5.9,99000
2000-12-05,5.9,6.1,5.9,6.1,106000
2000-12-06,6.25,6.3,5.9,6.25,90733
2000-12-07,6.25,6.25,6.05,6.15,63000
2000-12-08,6.05,6.15,5.95,6.15,93275
2000-12-11,5.95,6.05,5.95,5.95,52000
2000-12-12,5.75,5.85,5.75,5.8,64000
2000-12-13,5.7,5.7,5.6,5.65,60000
2000-12-14,5.65,6.0,5.5,6.0,437000
2000-12-15,6.35,6.4,5.8,6.2,315000
2000-12-16,6.0,6.0,6.0,6.0,45000
2000-12-19,5.8,5.8,5.8,5.8,1528
2000-12-20,5.8,5.8,5.8,5.8,110
2000-12-21,5.8,5.8,5.8,5.8,154
2000-12-22,5.45,5.45,5.45,5.45,3001
2000-12-27,5.3,5.3,5.3,5.3,1000
2000-12-28,5.15,5.6,5.15,5.6,210000
2000-12-29,5.45,5.65,5.45,5.6,272000
2000-12-30,5.45,5.85,5.45,5.85,252000
2001-01-02,5.45,6.2,5.45,6.2,160000
2001-01-03,6.0,6.5,6.0,6.5,114000
2001-01-04,6.5,6.9,6.4,6.9,154011
2001-01-05,6.9,7.1,6.8,7.1,117007
2001-01-08,6.65,7.25,6.65,7.2,142000
2001-01-09,7.1,7.5,6.75,7.5,189000
2001-01-10,7.35,7.7,7.0,7.7,320000
2001-01-11,7.55,8.15,7.2,8.15,512000
2001-01-12,8.05,8.3,7.6,8.2,236001
2001-01-15,8.1,8.1,7.65,8.1,178000
2001-01-16,8.0,8.35,7.6,8.3,277000
2001-01-17,8.15,8.3,7.75,8.2,322000
2001-01-18,8.0,8.1,7.65,7.85,169000
2001-01-29,7.65,7.95,7.4,7.9,294000
2001-01-30,7.8,7.9,7.35,7.9,366000
2001-01-31,7.4,8.0,7.4,8.0,502152
2001-02-01,7.8,8.1,7.5,8.1,619000
2001-02-02,7.9,8.1,7.6,8.05,571000
2001-02-05,7.85,8.6,7.55,8.6,596000
2001-02-06,8.35,8.95,8.25,8.95,315001
2001-02-07,8.8,8.8,8.35,8.5,292000
2001-02-08,8.3,8.4,8.0,8.2,424000
2001-02-09,7.7,8.05,7.7,7.75,205000
2001-02-12,7.7,7.8,7.5,7.8,294003
2001-02-13,7.75,7.9,7.5,7.65,192000
2001-02-14,7.65,7.75,7.5,7.7,77010
2001-02-15,7.7,7.75,7.5,7.75,126706
2001-02-16,7.75,7.75,7.4,7.7,211000
2001-02-19,7.6,7.6,7.35,7.5,214003
2001-02-20,7.45,7.65,7.4,7.65,160010
2001-02-21,7.4,7.6,7.4,7.6,57001
2001-02-22,7.5,7.5,7.15,7.3,72100
2001-02-23,7.25,7.25,7.15,7.25,49000
2001-02-26,7.25,7.25,7.1,7.25,27019
2001-02-27,7.2,7.45,7.05,7.45,260001
2001-03-01,7.4,7.4,7.2,7.3,146005
2001-03-02,7.2,7.3,7.1,7.3,84001
2001-03-05,7.25,7.3,7.1,7.3,182005
2001-03-06,7.3,7.3,7.1,7.3,117000
2001-03-07,7.25,7.3,7.1,7.3,182001
2001-03-08,7.25,7.25,7.1,7.2,80001
2001-03-09,7.2,7.2,7.1,7.2,34001
2001-03-12,7.1,7.15,7.05,7.15,48000
2001-03-13,7.1,7.15,7.0,7.15,45020
2001-03-14,7.15,7.15,7.0,7.15,183001
2001-03-15,7.1,7.1,6.75,6.8,123598
2001-03-16,6.8,6.9,6.65,6.8,189003
2001-03-19,6.75,6.75,6.5,6.7,41100
2001-03-20,6.7,6.7,6.45,6.55,51001
2001-03-21,6.15,6.55,6.15,6.55,36002
2001-03-22,6.55,6.7,6.4,6.7,101328
2001-03-23,6.8,6.8,6.5,6.7,90120
2001-03-26,6.7,6.7,6.6,6.7,78165
2001-03-27,6.7,6.7,6.5,6.7,63000
2001-03-28,6.7,6.7,6.6,6.7,112111
2001-03-29,6.7,6.7,6.5,6.65,59097
2001-03-30,6.65,6.65,6.4,6.55,59000
2001-04-02,6.5,6.55,6.2,6.3,186000
2001-04-03,6.2,6.3,6.1,6.1,67410
2001-04-04,6.0,6.1,5.9,6.0,85102
2001-04-06,6.2,6.4,6.1,6.4,110005
2001-04-09,6.6,6.8,6.45,6.8,158001
2001-04-10,7.0,7.05,6.8,7.0,207032
2001-04-11,7.1,7.1,6.7,7.1,149000
2001-04-12,7.1,7.1,6.8,7.1,73075
2001-04-13,6.95,7.1,6.75,7.0,238000
2001-04-16,7.0,7.0,6.85,6.85,15001
2001-04-17,6.8,7.0,6.8,6.95,145021
2001-04-18,6.95,7.1,6.8,7.05,126026
2001-04-19,7.25,7.25,6.9,7.15,44002
2001-04-20,7.1,7.1,6.7,7.0,92000
2001-04-23,6.9,6.95,6.7,6.9,77004
2001-04-24,6.8,6.85,6.7,6.85,62730
2001-04-25,6.8,6.85,6.7,6.85,100000
2001-04-26,6.85,6.95,6.75,6.85,82033
2001-04-27,6.9,7.0,6.85,7.0,172031
2001-04-30,7.0,7.1,6.9,7.0,84000
2001-05-02,6.9,7.0,6.6,6.75,64000
2001-05-03,6.7,7.15,6.7,7.15,124005
2001-05-04,7.15,7.2,7.1,7.1,65000
2001-05-07,7.15,7.15,6.7,7.15,28003
2001-05-08,6.8,7.15,6.7,7.05,40005
2001-05-09,7.0,7.0,7.0,7.0,10011
2001-05-11,6.9,7.0,6.9,7.0,20261
2001-05-14,7.0,7.0,7.0,7.0,8000
2001-05-15,7.0,7.0,7.0,7.0,15008
2001-05-16,7.0,7.0,6.8,6.95,8018
2001-05-17,6.95,6.95,6.9,6.95,16029
2001-05-18,6.95,6.95,6.8,6.95,17009
2001-05-21,6.95,6.95,6.8,6.95,17000
2001-05-22,6.95,6.95,6.5,6.95,25000
2001-05-23,6.95,6.95,6.55,6.95,9004
2001-05-24,6.9,6.95,6.5,6.9,22039
2001-05-25,6.9,6.95,6.5,6.9,29
2001-05-28,6.8,6.85,6.8,6.85,10003
2001-05-29,6.85,6.85,6.85,6.85,2000
2001-05-30,6.85,6.85,6.45,6.75,52000
2001-05-31,6.4,6.65,6.4,6.65,33001
2001-06-01,6.3,6.4,6.25,6.4,39000
2001-06-04,6.35,6.4,6.2,6.4,53001
2001-06-05,6.4,6.75,6.35,6.75,107001
2001-06-06,6.75,7.0,6.75,7.0,76001
2001-06-07,7.0,7.0,7.0,7.0,7001
2001-06-08,7.0,7.0,6.95,7.0,81001
2001-06-11,7.0,7.0,6.95,7.0,49001
2001-06-12,7.0,7.0,6.7,7.0,23011
2001-06-13,6.9,6.95,6.8,6.9,31000
2001-06-14,6.9,6.9,6.5,6.75,26503
2001-06-15,6.75,6.75,6.75,6.75,6001
2001-06-18,6.75,6.75,6.4,6.6,30001
2001-06-19,6.6,6.6,6.6,6.6,2000
2001-06-20,6.2,6.55,6.2,6.55,2001
2001-06-21,6.55,6.55,6.1,6.3,35001
2001-06-22,6.3,6.3,6.0,6.0,2300
2001-06-26,6.05,6.3,6.05,6.1,20200
2001-06-27,6.0,6.35,5.75,6.35,41000
2001-06-28,6.3,6.35,6.0,6.35,39020
2001-06-29,6.3,6.45,6.2,6.35,37000
2001-07-02,6.2,6.2,6.2,6.2,5000
2001-07-04,6.2,6.2,5.9,6.1,31004
2001-07-05,6.0,6.05,5.9,6.05,26002
2001-07-06,6.05,6.05,5.8,6.0,9000
2001-07-09,6.2,6.2,6.2,6.2,2000
2001-07-10,6.3,6.3,5.85,6.2,3006
2001-07-12,6.2,6.2,6.2,6.2,1001
2001-07-13,6.2,6.2,6.2,6.2,10
2001-07-16,6.1,6.2,6.1,6.2,7002
2001-07-18,6.1,6.1,6.1,6.1,1001
2001-07-19,6.1,6.1,6.1,6.1,54
2001-07-20,6.0,6.0,6.0,6.0,10016
2001-07-23,6.0,6.0,6.0,6.0,16
2001-07-24,5.95,5.95,5.95,5.95,1009
2001-07-26,5.9,5.9,5.9,5.9,12111
2001-07-31,5.55,5.8,5.55,5.8,6000
2001-08-01,5.55,5.8,5.55,5.8,1
2001-08-02,5.7,5.7,5.7,5.7,14000
2001-08-03,5.7,5.7,5.7,5.7,3
2001-08-06,5.6,5.6,5.6,5.6,1000
2001-08-07,5.6,5.6,5.6,5.6,26
2001-08-08,5.6,5.6,5.6,5.6,25
2001-08-09,5.5,5.5,5.5,5.5,2030
2001-08-10,5.4,5.5,5.4,5.5,17001
2001-08-13,5.4,5.5,5.4,5.5,1
2001-08-14,5.4,5.5,5.4,5.5,487
2001-08-16,5.4,5.85,5.3,5.85,62000
2001-08-17,5.65,5.75,5.65,5.75,12200
2001-08-20,5.65,5.75,5.65,5.75,330
2001-08-21,5.65,5.75,5.65,5.75,107
2001-08-28,5.65,5.75,5.65,5.75,97
2001-08-29,5.4,5.9,5.4,5.9,41000
2001-08-30,5.8,6.2,5.5,6.2,44630
2001-08-31,5.8,6.0,5.8,6.0,9002
2001-09-04,5.8,6.0,5.8,6.0,2
2001-09-06,5.9,5.9,5.9,5.9,7000
2001-09-07,5.5,5.8,5.5,5.7,16000
2001-09-10,5.35,5.5,5.35,5.5,13000
2001-09-11,5.15,5.4,5.15,5.35,44000
2001-09-13,4.98,5.35,4.98,5.35,3001
2001-09-14,4.98,5.3,4.98,5.25,45000
2001-09-20,5.1,5.2,5.1,5.2,27010
2001-09-21,5.1,5.2,5.1,5.2,1
2001-09-24,5.1,5.1,4.84,4.85,9000
2001-09-25,5.0,5.0,4.98,5.0,3000
2001-09-26,5.0,5.0,4.98,5.0,2
2001-09-27,5.05,5.05,5.05,5.05,1001
2001-09-28,5.1,5.1,5.1,5.1,1000
2001-10-05,5.15,5.45,5.1,5.45,34000
2001-10-08,5.45,5.8,5.4,5.8,15000
2001-10-09,5.8,6.0,5.8,6.0,14000
2001-10-11,6.0,6.0,6.0,6.0,1000
2001-10-12,5.6,5.9,5.6,5.85,18000
2001-10-16,5.45,5.8,5.45,5.8,11000
2001-10-17,5.45,5.8,5.45,5.8,3000
2001-10-18,5.45,5.75,5.45,5.75,5001
2001-10-22,5.75,5.8,5.75,5.8,5000
2001-10-23,6.0,6.0,6.0,6.0,4001
2001-10-26,5.95,5.95,5.6,5.8,6000
2001-10-31,5.8,5.8,5.8,5.8,3390
2001-11-01,5.8,5.8,5.8,5.8,3501
2001-11-06,5.95,6.0,5.55,6.0,34000
2001-11-07,6.0,6.0,6.0,6.0,5000
2001-11-08,5.95,6.3,5.95,6.3,66000
2001-11-09,6.2,6.2,6.2,6.2,27000
2001-11-12,6.2,6.2,6.2,6.2,36000
2001-11-13,5.9,5.9,5.8,5.85,16000
2001-11-14,6.0,6.0,5.95,5.95,16000
2001-11-15,6.0,6.0,6.0,6.0,1002
2001-11-26,6.0,6.0,6.0,6.0,21
2001-11-27,5.6,6.0,5.6,6.0,66000
2001-11-28,6.0,6.0,5.65,5.95,50000
2001-11-29,5.85,5.95,5.85,5.95,12000
2001-11-30,6.0,6.0,6.0,6.0,53001
2001-12-04,6.15,6.25,5.6,6.0,90001
2001-12-05,5.65,5.95,5.6,5.95,64000
2001-12-06,5.9,5.95,5.65,5.95,130000
2001-12-07,5.65,5.9,5.65,5.9,128000
2001-12-10,5.9,6.2,5.65,6.2,289000
2001-12-11,6.0,6.0,5.8,6.0,145000
2001-12-12,5.8,6.1,5.7,6.1,405000
2001-12-13,6.0,6.0,5.8,6.0,231010
2001-12-14,5.75,5.9,5.65,5.9,94001
2001-12-17,5.9,6.1,5.7,6.05,364000
2001-12-18,6.0,6.1,5.75,6.0,115000
2001-12-19,5.8,5.9,5.8,5.9,46000
2001-12-20,5.6,5.8,5.55,5.8,72000
2001-12-25,5.75,5.8,5.75,5.8,14005
2001-12-26,5.6,5.7,5.5,5.7,36000
2001-12-27,5.7,5.7,5.7,5.7,6000
2001-12-28,5.6,5.7,5.6,5.7,87000
2001-12-31,5.7,5.9,5.6,5.75,270000
2002-01-02,5.75,5.8,5.55,5.75,35000
2002-01-03,5.7,5.7,5.7,5.7,9025
2002-01-04,5.75,5.75,5.5,5.7,26000
2002-01-07,5.7,5.8,5.7,5.8,39000
2002-01-08,5.5,5.75,5.5,5.75,20000
2002-01-09,5.5,5.75,5.5,5.75,1
2002-01-10,5.7,5.75,5.4,5.7,224240
2002-01-11,5.5,5.7,5.5,5.7,139100
2002-01-14,5.7,5.7,5.7,5.7,42000
2002-01-17,5.5,5.7,5.5,5.7,55000
2002-01-18,5.5,5.7,5.35,5.6,175000
2002-01-21,5.3,5.6,5.3,5.6,22000
2002-01-22,5.3,5.6,5.3,5.6,1
2002-01-23,5.5,5.5,5.35,5.5,17000
2002-01-24,5.2,5.4,5.2,5.4,76000
2002-01-25,5.4,5.4,5.3,5.3,24000
2002-01-28,5.25,5.5,5.25,5.45,259100
2002-01-29,5.4,5.45,5.35,5.45,74000
2002-01-30,5.4,5.45,5.4,5.45,168000
2002-01-31,5.4,5.65,5.4,5.6,132000
2002-02-01,5.55,5.7,5.45,5.7,299000
2002-02-04,5.65,5.8,5.6,5.7,348120
2002-02-05,5.65,5.75,5.6,5.7,288000
2002-02-06,5.65,5.75,5.65,5.75,175000
2002-02-18,5.7,5.75,5.5,5.75,339000
2002-02-19,5.65,5.7,5.55,5.65,159000
2002-02-20,5.55,5.6,5.35,5.55,80000
2002-02-21,5.45,5.5,5.4,5.4,78500
2002-02-22,5.3,5.5,5.3,5.5,85000
2002-02-25,5.45,5.45,5.3,5.35,54000
2002-02-26,5.4,5.7,5.4,5.7,226001
2002-02-27,5.7,5.7,5.5,5.7,87000
2002-03-01,5.7,5.7,5.55,5.7,32000
2002-03-04,5.8,5.8,5.7,5.8,100000
2002-03-05,5.8,5.8,5.8,5.8,60002
2002-03-06,5.55,5.8,5.55,5.65,9000
2002-03-07,5.55,5.8,5.55,5.8,88001
2002-03-08,5.8,5.9,5.75,5.9,177000
2002-03-11,5.9,6.2,5.9,6.2,461000
2002-03-12,6.2,6.25,6.0,6.25,190004
2002-03-13,6.2,6.6,6.1,6.6,501081
2002-03-14,7.05,7.05,6.7,7.05,934900
2002-03-15,7.4,7.4,6.7,7.0,412882
2002-03-18,6.8,7.0,6.7,6.95,88029
2002-03-19,6.95,7.15,6.5,7.1,429477
2002-03-20,7.1,7.1,6.75,7.0,285100
2002-03-21,6.75,6.95,6.55,6.8,334574
2002-03-22,6.75,7.0,6.6,7.0,427140
2002-03-25,7.05,7.1,6.8,6.95,813000
2002-03-26,6.9,7.0,6.8,6.95,597100
2002-03-27,6.9,7.4,6.9,7.4,1231000
2002-03-28,7.7,7.7,7.15,7.25,798001
2002-03-29,7.25,7.3,7.0,7.15,369890
2002-04-01,7.15,7.15,6.8,7.05,241001
2002-04-02,7.05,7.15,6.9,7.1,342000
2002-04-03,7.1,7.55,7.1,7.55,662001
2002-04-04,8.0,8.0,7.6,7.7,882880
2002-04-08,7.7,8.15,7.65,8.0,568103
2002-04-09,8.05,8.1,7.45,7.7,458001
2002-04-10,7.7,7.85,7.4,7.55,530178
2002-04-11,7.75,8.05,7.75,8.05,556002
2002-04-12,8.4,8.6,8.15,8.6,1152611
2002-04-15,9.0,9.2,8.95,9.2,967133
2002-04-16,9.8,9.8,9.65,9.8,856790
2002-04-17,10.45,10.45,10.45,10.45,764661
2002-04-18,11.15,11.15,10.45,10.95,2295775
2002-04-19,10.9,10.9,10.2,10.75,950485
2002-04-22,10.7,11.5,10.2,11.5,2500000
2002-04-23,11.95,12.3,11.0,11.5,2156000
2002-04-24,11.5,12.1,10.9,11.5,2136000
2002-04-25,11.5,11.7,11.1,11.4,1364000
2002-04-26,11.4,11.5,10.7,10.8,626005
2002-04-29,10.05,10.5,10.05,10.3,564000
2002-04-30,10.1,10.2,9.6,9.65,1158000
2002-05-02,9.65,9.8,9.0,9.75,1236000
2002-05-03,9.8,10.4,9.8,10.4,988002
2002-05-06,10.9,11.1,10.5,10.9,2876460
2002-05-07,10.8,11.3,10.45,10.45,2171560
2002-05-08,10.6,10.85,10.3,10.45,1020500
2002-05-09,10.8,11.0,10.5,10.5,1556241
2002-05-10,10.5,10.7,10.4,10.55,905000
2002-05-13,10.55,11.25,10.55,11.25,1201321
2002-05-14,12.0,12.0,10.8,11.35,7598900
2002-05-15,11.3,11.8,10.9,11.2,2962002
2002-05-16,11.3,11.7,11.05,11.6,2518002
2002-05-17,12.0,12.4,11.75,12.4,2949004
2002-05-20,12.75,13.25,12.5,13.25,5360631
2002-05-21,13.35,14.15,13.35,14.15,4636520
2002-05-22,14.8,15.1,14.5,15.1,2780070
2002-05-23,16.1,16.1,14.6,16.1,8693294
2002-05-24,16.5,17.2,16.5,17.2,2820398
2002-05-27,18.0,18.4,18.0,18.4,1667404
2002-05-28,19.6,19.6,17.3,19.6,7897555
2002-05-29,20.0,20.9,20.0,20.9,6818374
2002-05-30,21.3,22.3,21.3,22.3,4881786
2002-05-31,22.1,22.6,20.8,21.3,5946092
2002-06-03,21.0,21.3,20.0,21.2,3795294
2002-06-04,20.8,22.6,20.8,22.6,6362000
2002-06-05,23.4,24.1,22.0,24.1,10955934
2002-06-06,24.1,25.5,24.1,25.2,6182724
2002-06-07,25.2,25.5,24.6,25.2,4536000
2002-06-10,25.4,26.0,24.6,25.5,4630670
2002-06-11,25.1,25.7,25.0,25.7,3997001
2002-06-12,26.0,27.4,26.0,27.4,6580060
2002-06-13,28.1,29.3,28.0,29.3,10808439
2002-06-14,30.0,31.3,30.0,31.3,12112994
2002-06-17,32.0,32.5,30.0,31.2,6589815
2002-06-18,30.6,32.9,30.6,32.9,6607334
2002-06-19,33.0,33.1,30.9,32.4,4874732
2002-06-20,30.2,32.4,30.2,32.4,4160268
2002-06-21,32.4,33.3,31.2,31.7,5525500
2002-06-24,31.7,32.1,31.5,31.7,6409000
2002-06-25,31.8,32.0,30.4,31.9,4912500
2002-06-26,32.2,32.3,31.0,31.3,5032500
2002-06-27,31.5,32.2,31.3,31.7,5395000
2002-06-28,32.0,32.7,31.5,32.5,6236874
2002-07-01,32.7,33.3,31.8,32.7,7367438
2002-07-02,32.7,32.7,30.5,32.7,4871015
2002-07-03,32.7,34.5,32.1,34.5,7148009
2002-07-04,34.4,35.2,34.0,34.8,7638936
2002-07-05,34.0,34.4,32.4,32.4,5919000
2002-07-08,30.2,30.2,30.2,30.2,1372000
2002-07-09,28.1,30.1,28.1,29.5,9027000
2002-07-10,28.9,29.3,27.5,27.8,8039001
2002-07-11,25.9,25.9,25.9,25.9,378536
2002-07-12,24.1,24.1,24.1,24.1,624000
2002-07-15,22.5,25.7,22.5,24.9,4977000
2002-07-16,23.8,25.3,23.8,25.3,3242000
2002-07-17,26.5,27.0,26.3,27.0,3404411
2002-07-18,27.8,28.5,26.3,26.7,10683860
2002-07-19,26.7,26.9,25.1,25.2,2962141
2002-07-22,24.5,24.8,23.5,23.5,1632591
2002-07-23,21.9,23.5,21.9,22.7,4749500
2002-07-24,22.5,23.4,21.8,23.0,3853900
2002-07-25,23.6,23.8,22.0,22.0,2101421
2002-07-26,21.9,21.9,20.5,20.5,1485100
2002-07-29,20.5,20.5,19.1,19.1,2168501
2002-07-30,19.0,19.8,17.8,18.0,5036000
2002-07-31,18.0,19.2,18.0,19.2,1686264
2002-08-01,20.5,20.5,19.2,19.6,6370840
2002-08-02,19.2,19.7,18.6,19.5,1591020
2002-08-05,18.4,18.7,18.2,18.2,1086000
2002-08-06,17.0,17.5,17.0,17.0,2487000
2002-08-07,17.3,17.7,17.0,17.0,2506000
2002-08-08,17.2,17.3,15.9,16.5,2449764
2002-08-09,16.7,17.2,16.6,16.8,3602475
2002-08-12,16.9,17.0,16.3,16.5,1878295
2002-08-13,16.5,17.3,16.5,17.3,2833046
2002-08-14,17.2,18.5,17.2,18.5,3196109
2002-08-15,19.4,19.5,18.3,18.7,6471000
2002-08-16,18.8,19.0,18.2,19.0,2572538
2002-08-19,19.0,19.3,18.8,19.2,1911220
2002-08-20,19.3,20.0,19.1,19.5,4254000
2002-08-21,19.7,19.7,19.0,19.0,2564123
2002-08-22,19.0,19.2,18.4,18.4,2563000
2002-08-23,18.4,18.8,17.8,18.0,1318000
2002-08-26,18.8,19.2,18.5,19.2,1169001
2002-08-27,19.8,20.5,18.9,20.5,10922000
2002-08-28,21.0,21.9,20.8,21.9,7057220
2002-08-29,22.5,23.4,22.1,23.4,6791000
2002-08-30,23.4,23.4,22.5,23.4,4711651
2002-09-02,23.7,23.8,21.9,21.9,4892210
2002-09-03,21.6,22.0,20.4,21.7,7956111
2002-09-04,21.1,21.1,20.2,20.7,4039100
2002-09-05,20.7,20.7,19.3,20.1,3578107
2002-09-09,20.6,21.5,20.1,21.5,8475000
2002-09-10,21.5,21.7,20.5,20.5,5255829
2002-09-11,20.5,20.5,19.3,19.3,4258171
2002-09-12,19.5,20.5,19.5,19.8,9065197
2002-09-13,19.8,20.2,19.5,20.0,4754027
2002-09-16,20.2,20.6,19.9,20.0,5894027
2002-09-17,20.2,20.5,19.8,20.3,6320450
2002-09-18,20.5,20.5,19.3,19.9,3227532
2002-09-19,19.9,21.0,19.9,20.2,9553621
2002-09-20,20.0,20.2,19.4,20.2,2597851
2002-09-23,20.2,20.4,19.3,19.3,4312500
2002-09-24,18.0,18.0,18.0,18.0,756273
2002-09-25,16.8,16.8,16.8,16.8,182317
2002-09-26,15.7,15.7,15.7,15.7,829115
2002-09-27,14.65,14.65,14.65,14.65,705500
2002-09-30,13.65,13.65,13.65,13.65,373107
2002-10-01,12.7,12.7,12.7,12.7,502900
2002-10-02,11.85,13.55,11.85,13.55,20402944
2002-10-03,13.55,14.05,13.2,13.6,7856700
2002-10-04,13.6,13.9,12.65,12.65,2313287
2002-10-07,11.8,12.65,11.8,11.8,2249436
2002-10-08,11.1,11.6,11.0,11.0,1192000
2002-10-09,10.35,11.6,10.35,10.6,5811357
2002-10-11,10.8,11.3,10.8,11.0,3291894
2002-10-14,11.2,11.4,10.7,10.75,2245000
2002-10-15,10.95,11.5,10.95,11.5,2947812
2002-10-16,11.8,11.95,11.3,11.35,3392100
2002-10-17,11.3,11.8,11.15,11.65,2824500
2002-10-18,11.8,12.45,11.7,12.45,4029058
2002-10-21,12.8,13.3,12.5,13.3,1403500
2002-10-22,14.2,14.2,13.3,13.8,7389515
2002-10-23,13.8,14.5,13.55,14.4,5559203
2002-10-24,14.5,14.75,13.5,13.5,3445743
2002-10-25,13.5,13.8,13.4,13.5,2259100
2002-10-28,13.8,14.4,13.7,14.4,3625002
2002-10-29,14.45,14.8,13.8,13.8,3092198
2002-10-30,13.95,14.2,13.6,13.6,2070100
2002-10-31,14.05,14.35,13.8,14.05,1957450
2002-11-01,14.3,14.6,13.85,13.85,2641250
2002-11-04,14.0,14.3,13.8,13.85,1538003
2002-11-05,14.15,14.15,13.4,13.4,1749044
2002-11-06,13.5,13.65,13.3,13.5,1517002
2002-11-07,13.55,14.0,13.4,13.7,1924502
2002-11-08,13.65,14.65,13.65,14.65,3822001
2002-11-11,14.95,15.6,14.95,15.6,4060580
2002-11-12,16.0,16.4,14.85,14.85,5671160
2002-11-13,15.0,15.5,14.95,15.0,3195803
2002-11-14,15.1,15.5,14.65,14.65,3164501
2002-11-15,14.85,15.3,14.85,15.2,2621005
2002-11-18,15.5,16.2,15.2,15.2,4320961
2002-11-19,15.3,15.3,14.8,14.8,1328050
2002-11-20,14.75,15.3,14.7,14.85,2571000
2002-11-21,15.3,15.3,13.85,13.85,1700002
2002-11-22,14.0,14.25,13.7,13.8,1670502
2002-11-25,13.9,14.3,13.9,14.1,949051
2002-11-26,14.2,14.5,13.9,13.95,911002
2002-11-27,13.65,14.3,13.65,13.7,1274050
2002-11-28,14.1,14.1,13.6,13.7,862768
2002-11-29,13.9,13.9,13.1,13.3,1356006
2002-12-02,13.5,13.5,12.9,12.9,770000
2002-12-03,12.95,13.5,12.9,13.5,894002
2002-12-04,13.5,13.7,13.4,13.4,903700
2002-12-05,13.65,14.0,13.5,13.7,1206501
2002-12-06,13.7,14.65,13.5,14.65,2419502
2002-12-09,15.5,15.6,15.0,15.6,4126462
2002-12-10,15.5,16.4,15.3,16.1,5692895
2002-12-11,16.5,17.0,15.0,15.0,5464000
2002-12-12,15.0,15.3,14.65,14.75,1708000
2002-12-13,14.8,15.3,14.75,14.75,2146620
2002-12-16,14.5,14.95,14.3,14.45,1235388
2002-12-17,14.6,15.3,14.5,15.0,2359014
2002-12-18,15.1,15.1,14.6,14.6,1107706
2002-12-19,14.5,15.4,14.5,15.0,1905500
2002-12-20,15.2,15.8,14.0,14.2,4941001
2002-12-23,14.3,14.6,14.2,14.6,2515020
2002-12-24,14.8,14.8,14.2,14.2,1129082
2002-12-25,14.2,14.2,13.25,13.25,1388000
2002-12-26,13.4,13.7,13.25,13.7,967000
2002-12-27,13.65,14.2,13.65,13.9,957004
2002-12-30,13.6,14.0,13.5,13.8,306150
2002-12-31,13.65,13.8,13.1,13.8,428000
2003-01-02,13.6,14.35,13.6,14.1,904000
2003-01-03,14.35,14.4,13.9,14.0,842000
2003-01-06,14.2,14.6,14.1,14.6,1905000
2003-01-07,14.9,14.95,14.2,14.2,1728000
2003-01-08,14.2,14.9,14.2,14.75,2465651
2003-01-09,14.75,15.1,14.4,14.4,1840000
2003-01-10,14.6,15.3,14.4,14.8,2787700
2003-01-13,15.1,15.8,15.0,15.8,4804010
2003-01-14,16.2,16.9,15.9,15.9,6605955
2003-01-15,16.1,17.0,16.1,17.0,6814049
2003-01-16,17.2,17.8,16.5,16.5,5760050
2003-01-17,16.5,16.7,15.4,15.4,2198001
2003-01-20,15.2,16.4,15.2,16.4,3022001
2003-01-21,16.9,17.3,16.1,16.3,5497935
2003-01-22,16.3,17.4,16.3,17.4,6112002
2003-01-23,18.6,18.6,18.5,18.6,4223399
2003-01-24,19.9,19.9,18.0,18.0,8210615
2003-01-27,18.0,18.0,16.8,16.8,2096436
2003-01-28,16.2,17.8,16.2,17.1,4394000
2003-02-06,17.1,17.8,16.6,16.6,2732000
2003-02-07,16.9,17.2,15.5,15.6,2325501
2003-02-10,15.7,16.2,15.1,15.2,1834501
2003-02-11,15.5,15.6,14.3,14.5,1629133
2003-02-12,14.5,15.5,14.5,15.5,1651250
2003-02-13,15.6,15.8,14.65,14.65,2110142
2003-02-14,14.9,15.2,14.15,14.3,1726000
2003-02-17,14.8,15.3,14.8,15.3,2033100
2003-02-18,15.4,16.1,15.2,15.8,4370151
2003-02-19,16.0,16.1,14.7,15.3,2196010
2003-02-20,15.3,15.3,14.4,14.65,1161000
2003-02-21,14.8,15.1,14.65,14.7,1130000
2003-02-24,14.9,15.6,14.9,15.6,2119001
2003-02-25,15.6,15.9,15.1,15.1,2680900
2003-02-26,15.4,15.4,14.05,14.6,3250000
2003-02-27,14.15,14.2,13.8,13.9,1357002
2003-03-03,14.1,14.3,13.95,13.95,931000
2003-03-04,13.8,14.35,13.8,13.9,819563
2003-03-05,13.95,14.4,13.9,13.95,1259052
2003-03-06,14.2,14.25,13.45,13.55,1367050
2003-03-07,13.3,13.3,12.65,12.65,1356000
2003-03-10,12.9,12.9,12.0,12.0,754000
2003-03-11,11.45,12.0,11.2,11.2,1491032
2003-03-12,11.2,11.95,10.9,11.9,1615040
2003-03-13,11.9,12.5,11.5,12.3,1971040
2003-03-14,12.9,12.95,12.55,12.65,1646700
2003-03-17,12.65,12.65,11.8,11.85,742310
2003-03-18,12.5,12.5,12.0,12.3,966000
2003-03-19,12.05,12.35,12.0,12.0,534000
2003-03-20,12.3,12.7,11.5,12.65,1187798
2003-03-21,12.65,13.05,12.4,12.65,1783270
2003-03-24,13.0,13.0,12.6,12.65,941534
2003-03-25,12.25,12.65,12.25,12.35,537000
2003-03-26,12.6,12.6,12.2,12.25,579002
2003-03-27,12.25,12.4,12.15,12.25,479578
2003-03-28,12.3,12.55,12.2,12.5,1305298
2003-03-31,12.3,12.4,11.65,11.7,576000
2003-04-01,11.6,12.0,11.3,12.0,630001
2003-04-02,12.2,12.2,11.7,11.7,347002
2003-04-03,12.0,12.2,11.9,11.9,464001
2003-04-04,11.55,12.5,11.55,12.5,952001
2003-04-07,12.3,13.35,12.3,13.35,2260000
2003-04-08,13.45,14.0,13.35,13.35,3140450
2003-04-09,13.35,13.6,13.1,13.6,1488000
2003-04-10,13.6,14.5,13.4,13.95,3199088
2003-04-11,14.2,14.3,13.3,13.3,1612000
2003-04-14,13.6,13.6,12.8,12.8,1791114
2003-04-15,13.0,13.0,12.6,12.9,1277000
2003-04-16,13.2,13.25,12.9,13.25,1085250
2003-04-17,13.25,13.25,12.8,12.9,942002
2003-04-18,12.85,13.4,12.85,13.0,780200
2003-04-21,13.0,13.0,12.5,12.5,524000
2003-04-22,12.9,12.9,12.5,12.7,302001
2003-04-23,12.7,13.1,12.7,12.9,728000
2003-04-24,12.95,12.95,12.0,12.0,750000
2003-04-25,11.3,11.7,11.2,11.2,861003
2003-04-28,11.0,11.0,10.45,10.45,714000
2003-04-29,10.6,11.15,10.6,11.15,800000
2003-04-30,11.15,11.15,10.4,10.4,538050
2003-05-02,9.8,10.4,9.8,10.25,813000
2003-05-05,10.2,10.4,10.1,10.25,391001
2003-05-06,10.0,10.6,10.0,10.25,705000
2003-05-07,10.5,10.5,10.0,10.45,423000
2003-05-08,10.25,10.25,10.0,10.0,325000
2003-05-09,10.1,10.65,10.05,10.35,763000
2003-05-12,10.4,10.55,10.3,10.3,470000
2003-05-13,10.5,10.55,10.3,10.3,359030
2003-05-14,10.05,10.55,10.05,10.35,545000
2003-05-15,10.45,10.45,10.1,10.3,641000
2003-05-16,10.4,10.5,10.2,10.25,517000
2003-05-19,10.25,10.5,10.25,10.35,422000
2003-05-20,10.25,10.35,10.2,10.3,145000
2003-05-21,10.3,10.3,10.0,10.0,428000
2003-05-22,10.1,10.25,10.0,10.2,138000
2003-05-23,10.3,10.35,10.05,10.35,379693
2003-05-26,10.45,10.95,10.45,10.85,1086000
2003-05-27,11.0,11.25,10.7,10.85,993001
2003-05-28,11.05,11.25,10.75,10.8,753001
2003-05-29,10.8,10.95,10.6,10.65,409013
2003-05-30,10.8,11.05,10.7,10.8,779533
2003-06-02,10.9,11.3,10.9,11.15,1418000
2003-06-03,11.15,11.65,11.15,11.3,1512001
2003-06-05,11.5,11.65,11.4,11.5,1007215
2003-06-06,11.55,11.55,11.15,11.15,599649
2003-06-09,11.2,11.5,11.2,11.35,658705
2003-06-10,11.35,11.75,11.35,11.45,634150
2003-06-11,11.55,11.65,11.45,11.45,703352
2003-06-12,11.55,12.25,11.55,12.25,1709200
2003-06-13,12.55,13.1,12.25,13.1,5555650
2003-06-16,13.3,14.0,13.3,14.0,2293259
2003-06-17,14.8,14.9,13.6,13.6,3930600
2003-06-18,13.9,14.3,13.5,13.55,2175486
2003-06-19,13.9,14.2,13.2,13.9,1778000
2003-06-20,13.9,13.9,13.2,13.2,955000
2003-06-23,13.35,14.1,13.2,13.2,5738000
2003-06-24,13.4,13.85,13.2,13.2,3454004
2003-06-25,13.4,13.8,13.3,13.3,1850000
2003-06-26,13.7,13.7,13.0,13.3,1069009
2003-06-27,13.5,13.5,13.05,13.25,1018001
2003-06-30,13.25,14.15,13.25,14.15,3070532
2003-07-01,14.25,14.5,13.6,13.85,2959000
2003-07-02,13.95,14.4,13.8,13.85,2756700
2003-07-03,14.1,14.1,13.3,13.3,1133005
2003-07-04,13.8,13.8,13.3,13.6,1161003
2003-07-07,13.8,13.85,13.6,13.65,1490000
2003-07-08,13.7,14.2,13.5,13.65,1554752
2003-07-09,13.8,14.25,13.7,13.75,1869741
2003-07-10,14.0,14.15,13.8,13.8,1475011
2003-07-11,14.0,14.0,13.35,13.35,931000
2003-07-14,13.5,13.95,13.5,13.8,887000
2003-07-15,14.0,14.1,13.5,13.5,1257005
2003-07-16,13.8,14.4,13.8,14.4,3591000
2003-07-17,14.5,15.1,14.3,14.4,4633438
2003-07-18,14.4,14.8,14.1,14.2,1291020
2003-07-21,14.3,15.1,14.3,15.1,2572000
2003-07-22,15.4,15.5,14.7,14.85,3663097
2003-07-23,15.1,15.2,14.5,14.5,1065000
2003-07-24,14.8,15.0,14.45,14.5,1087000
2003-07-25,14.6,14.95,14.3,14.45,981000
2003-07-28,14.5,14.7,14.1,14.45,1025950
2003-07-29,14.45,14.45,13.45,13.45,1283000
2003-07-30,13.45,13.8,13.3,13.45,657000
2003-07-31,13.45,13.5,12.9,12.9,957394
2003-08-01,13.05,13.5,13.05,13.35,781757
2003-08-04,13.45,13.75,13.45,13.5,835000
2003-08-05,13.6,13.7,13.1,13.1,368002
2003-08-06,12.9,13.25,12.9,12.9,310606
2003-08-07,13.05,13.2,12.9,13.1,338146
2003-08-08,13.2,13.6,12.7,12.7,1381000
2003-08-11,12.8,13.0,12.6,12.65,829090
2003-08-12,12.8,12.8,12.3,12.3,837002
2003-08-13,12.5,12.7,12.4,12.6,870000
2003-08-14,12.5,12.7,12.45,12.5,531000
2003-08-15,12.6,12.9,12.5,12.5,918000
2003-08-18,12.5,12.7,12.4,12.55,871001
2003-08-19,12.6,12.9,12.3,12.3,1527751
2003-08-20,12.6,12.6,12.3,12.35,542002
2003-08-21,12.45,12.7,12.4,12.5,2031001
2003-08-22,12.7,12.7,12.5,12.55,1269000
2003-08-25,12.6,12.8,12.6,12.75,780964
2003-08-26,12.8,12.8,11.9,11.9,981313
2003-08-27,12.2,12.3,11.95,12.05,986029
2003-08-28,12.3,12.3,11.5,11.5,550000
2003-08-29,11.5,11.8,11.5,11.75,571000
2003-09-01,11.85,12.0,11.75,12.0,500000
2003-09-02,12.0,12.05,11.8,11.85,389154
2003-09-03,12.0,12.0,11.85,11.9,332000
2003-09-04,11.95,11.95,11.7,11.7,155400
2003-09-05,11.9,11.9,11.6,11.6,160000
2003-09-08,11.6,11.75,11.55,11.6,459000
2003-09-09,11.2,11.25,10.75,10.8,344000
2003-09-10,10.8,10.8,10.5,10.5,373845
2003-09-12,10.65,10.7,10.5,10.65,311058
2003-09-15,10.0,10.75,10.0,10.4,303300
2003-09-16,10.5,10.6,10.4,10.45,157700
2003-09-17,10.75,10.75,10.55,10.55,317604
2003-09-18,10.6,10.7,10.4,10.55,191550
2003-09-19,10.7,10.75,10.55,10.6,287100
2003-09-22,10.6,10.75,10.25,10.25,236100
2003-09-23,10.3,10.65,10.3,10.4,241140
2003-09-24,10.55,10.65,10.4,10.5,327100
2003-09-25,10.5,10.7,10.45,10.5,190115
2003-09-26,10.6,10.9,10.5,10.8,577200
2003-09-29,10.9,11.1,10.9,11.0,449000
2003-09-30,11.1,11.15,10.7,10.7,272020
2003-10-01,10.7,10.7,10.5,10.5,332500
2003-10-02,10.35,10.65,10.35,10.5,456222
2003-10-03,10.4,11.1,10.4,11.0,738210
2003-10-06,11.2,11.3,10.9,10.9,741932
2003-10-07,10.9,11.25,10.85,10.85,186040
2003-10-08,11.0,11.15,10.85,10.85,326451
2003-10-09,10.95,11.15,10.85,11.0,555789
2003-10-13,11.0,11.3,11.0,11.2,596322
2003-10-14,11.5,11.5,11.05,11.1,220900
2003-10-15,11.1,11.3,11.0,11.0,421050
2003-10-16,11.0,11.2,11.0,11.15,349200
2003-10-17,11.1,11.3,10.95,11.0,662000
2003-10-20,11.1,11.2,11.0,11.0,172466
2003-10-21,11.1,11.2,10.95,10.95,486350
2003-10-22,10.95,11.15,10.95,11.0,299014
2003-10-23,11.0,11.1,10.4,10.4,205550
2003-10-24,10.65,11.1,10.65,11.1,433050
2003-10-27,11.55,11.75,11.35,11.35,1296788
2003-10-28,11.5,11.5,11.2,11.3,412713
2003-10-29,11.75,11.75,11.2,11.2,369793
2003-10-30,11.2,11.2,10.8,10.9,679765
2003-10-31,10.95,11.1,10.9,10.9,328697
2003-11-03,11.0,11.2,10.9,10.9,509436
2003-11-04,11.1,11.15,11.0,11.0,390069
2003-11-05,11.0,11.15,11.0,11.05,196472
2003-11-06,11.1,11.15,10.4,10.4,502358
2003-11-07,10.6,10.8,10.6,10.7,252788
2003-11-10,10.7,11.0,10.7,10.95,318691
2003-11-11,10.95,11.05,10.9,11.05,264680
2003-11-12,11.2,11.2,10.9,10.9,191196
2003-11-13,10.9,11.2,10.9,11.1,375550
2003-11-14,11.1,11.2,11.0,11.0,396290
2003-11-17,11.1,11.1,10.95,11.0,76716
2003-11-18,11.1,11.1,10.9,10.9,70360
2003-11-19,10.9,10.9,10.6,10.7,149400
2003-11-20,10.7,11.0,10.7,10.9,107200
2003-11-21,10.95,11.05,10.7,10.8,88140
2003-11-24,10.9,10.9,10.75,10.75,30342
2003-11-25,10.85,11.0,10.7,10.7,34322
2003-11-26,10.8,10.95,10.75,10.95,113200
2003-11-27,10.95,10.95,10.75,10.8,73989
2003-11-28,10.9,10.9,10.65,10.65,70205
2003-12-01,10.7,10.8,10.7,10.7,53107
2003-12-02,10.8,10.8,10.65,10.75,93000
2003-12-03,10.8,10.8,10.6,10.7,118409
2003-12-04,10.65,10.9,10.65,10.8,250153
2003-12-05,10.9,10.9,10.7,10.7,105162
2003-12-08,10.65,10.7,10.65,10.7,35118
2003-12-09,10.8,10.9,10.7,10.75,171500
2003-12-10,10.85,10.85,10.5,10.65,104437
2003-12-11,10.75,10.75,10.6,10.7,97517
2003-12-12,10.7,10.8,10.5,10.55,86026
2003-12-15,10.55,11.25,10.55,11.25,595005
2003-12-16,11.5,11.75,11.45,11.5,2711692
2003-12-17,11.7,11.75,11.1,11.1,780291
2003-12-18,11.2,11.85,11.2,11.85,1114001
2003-12-19,12.65,12.65,12.2,12.3,6650905
2003-12-22,12.4,12.9,12.3,12.6,3883146
2003-12-23,12.6,12.7,12.35,12.45,1304951
2003-12-24,12.65,12.9,12.35,12.55,2888308
2003-12-25,12.6,12.85,12.45,12.55,1398526
2003-12-26,12.55,12.85,12.5,12.8,2200956
2003-12-29,12.9,12.9,12.1,12.1,1463680
2003-12-30,12.3,12.4,12.1,12.3,1333211
2003-12-31,12.15,12.3,12.1,12.1,623929
2004-01-02,12.1,12.85,12.1,12.8,2670000
2004-01-05,12.9,13.3,12.45,12.45,4296412
2004-01-06,12.55,12.7,12.3,12.65,2454602
2004-01-07,12.7,12.75,12.4,12.4,1478490
2004-01-08,12.4,12.65,12.3,12.4,993187
2004-01-09,12.5,12.85,12.4,12.85,3474244
2004-01-12,12.8,13.1,12.55,13.1,2478841
2004-01-13,13.1,13.2,12.8,13.1,1871304
2004-01-14,13.0,13.1,12.85,12.95,1239360
2004-01-15,13.0,13.1,12.5,12.5,1506000
2004-01-16,12.6,12.7,12.45,12.65,1043000
2004-01-27,12.7,13.4,12.7,13.35,2942000
2004-01-28,13.3,14.25,13.15,14.25,8648912
2004-01-29,14.05,14.15,13.45,13.9,3068302
2004-01-30,13.8,14.1,13.7,13.95,2341100
2004-02-02,13.95,14.05,13.55,13.9,2499361
2004-02-03,13.65,13.8,12.95,13.1,2032466
2004-02-04,13.15,13.9,13.15,13.45,2719536
2004-02-05,13.45,13.6,13.35,13.55,3295520
2004-02-06,13.5,13.7,13.4,13.55,3040920
2004-02-09,13.6,14.05,13.6,13.85,5040719
2004-02-10,13.95,14.4,13.9,13.9,3818965
2004-02-11,14.15,14.15,13.6,13.6,2353772
2004-02-12,13.8,13.85,13.0,13.0,2307112
2004-02-13,13.0,13.25,13.0,13.15,1119762
2004-02-16,13.2,13.4,13.15,13.25,1048241
2004-02-17,13.25,13.65,13.25,13.45,1106608
2004-02-18,13.6,13.9,13.45,13.5,1582476
2004-02-19,13.75,14.3,13.5,14.15,6984009
2004-02-20,14.5,14.65,13.9,14.0,4893489
2004-02-23,14.1,14.95,14.1,14.95,9199770
2004-02-24,14.95,15.0,14.35,14.45,5903700
2004-02-25,14.6,14.75,14.4,14.5,4050360
2004-02-26,14.7,14.7,14.1,14.15,3634372
2004-02-27,14.25,15.1,14.25,15.1,6350208
2004-03-01,15.9,16.1,15.7,16.1,3857870
2004-03-02,17.2,17.2,16.6,17.2,12245921
2004-03-03,17.2,18.1,16.2,18.1,7848352
2004-03-04,19.0,19.2,17.5,18.1,8754036
2004-03-05,18.1,18.3,16.9,16.9,4746994
2004-03-08,16.4,17.0,15.8,15.8,3647000
2004-03-09,15.9,16.8,15.8,16.8,4860185
2004-03-10,16.8,17.3,16.1,16.1,5118383
2004-03-11,16.2,16.8,16.2,16.4,3788844
2004-03-12,16.2,16.8,16.2,16.5,2883018
2004-03-15,17.0,17.2,15.4,15.4,3652276
2004-03-16,15.6,15.7,15.0,15.1,1944424
2004-03-17,15.2,15.6,15.0,15.1,2296590
2004-03-18,15.3,16.1,15.3,16.1,2005213
2004-03-19,16.3,16.3,15.4,15.4,1774299
2004-03-22,14.35,14.35,14.35,14.35,124010
2004-03-23,13.35,14.1,13.35,13.4,3039000
2004-03-24,13.5,14.0,12.5,12.65,1971362
2004-03-25,12.7,13.2,12.55,12.7,2269000
2004-03-26,12.95,13.1,12.1,12.1,1708410
2004-03-29,12.9,12.9,12.65,12.9,363000
2004-03-30,13.8,13.8,13.3,13.8,808000
2004-03-31,14.65,14.65,14.0,14.6,2980200
2004-04-01,14.4,14.7,14.05,14.35,1187651
2004-04-02,14.5,14.7,14.2,14.35,1331321
2004-04-05,14.5,14.6,13.8,14.0,1294200
2004-04-06,14.1,14.55,13.9,14.3,1769260
2004-04-07,14.5,14.6,14.05,14.15,1123023
2004-04-08,14.25,14.4,14.05,14.05,558012
2004-04-09,14.05,14.3,14.05,14.15,648196
2004-04-12,14.3,14.3,13.8,13.9,942828
2004-04-13,13.8,14.3,13.8,14.1,1073412
2004-04-14,14.05,14.1,13.5,13.85,910028
2004-04-15,13.9,14.0,12.9,13.0,1304000
2004-04-16,13.05,13.4,13.05,13.15,679000
2004-04-19,13.35,13.45,13.1,13.1,748648
2004-04-20,13.35,13.4,12.75,12.75,660000
2004-04-21,12.8,13.05,12.8,13.0,864754
2004-04-22,13.1,13.2,12.55,12.55,823960
2004-04-23,12.75,13.05,11.8,11.8,1899348
2004-04-26,12.2,12.6,12.2,12.6,761400
2004-04-27,13.4,13.4,12.8,13.0,3395040
2004-04-28,13.0,13.0,12.25,12.25,1644120
2004-04-29,12.25,12.25,11.7,11.75,1757480
2004-04-30,11.75,11.75,10.95,11.0,1708161
2004-05-03,11.0,11.45,11.0,11.2,1950000
2004-05-04,11.45,11.8,11.25,11.6,1264260
2004-05-05,11.7,11.7,10.8,10.8,1151000
2004-05-06,11.4,11.55,11.15,11.55,2460000
2004-05-07,11.4,11.65,11.4,11.55,1642200
2004-05-10,11.55,11.55,11.2,11.3,449231
2004-05-11,11.45,11.5,11.1,11.35,837000
2004-05-12,11.5,11.7,11.35,11.35,489120
2004-05-13,11.4,12.1,11.3,11.55,1222000
2004-05-14,11.55,11.7,11.35,11.35,779171
2004-05-17,11.35,11.35,10.6,10.6,1007000
2004-05-18,10.4,11.0,10.4,10.85,694520
2004-05-19,11.05,11.6,11.05,11.6,468000
2004-05-20,11.7,11.9,11.25,11.25,651239
2004-05-21,11.6,12.0,11.6,12.0,1032002
2004-05-24,12.0,12.6,12.0,12.45,1616200
2004-05-25,12.45,12.6,12.1,12.1,1027813
2004-05-26,12.5,12.55,11.85,11.85,789002
2004-05-27,12.0,12.4,11.8,12.1,814720
2004-05-28,12.25,12.25,11.85,11.9,492000
2004-05-31,12.2,12.4,11.9,12.0,720175
2004-06-01,12.0,12.25,11.6,11.65,669012
2004-06-02,11.75,12.2,11.6,12.2,533000
2004-06-03,11.75,12.2,11.35,11.35,751008
2004-06-04,11.35,11.65,11.15,11.4,564024
2004-06-07,11.55,11.9,11.55,11.7,434000
2004-06-08,11.85,12.4,11.7,12.1,1270000
2004-06-09,12.1,12.2,11.8,12.1,615134
2004-06-10,11.8,12.35,11.8,12.1,1137000
2004-06-11,12.05,12.1,11.65,11.8,413000
2004-06-14,11.6,11.9,11.15,11.3,351081
2004-06-15,11.3,11.45,11.15,11.35,413025
2004-06-16,11.5,11.5,10.8,10.9,700001
2004-06-17,11.2,11.25,10.95,11.1,432292
2004-06-18,11.35,11.45,11.0,11.0,536412
2004-06-21,11.25,11.55,11.2,11.2,581603
2004-06-23,11.3,11.7,11.2,11.5,599713
2004-06-24,11.8,11.8,11.55,11.7,310297
2004-06-25,11.7,12.1,11.7,11.9,586049
2004-06-28,12.1,12.1,11.8,11.9,756001
2004-06-29,11.95,12.6,11.85,12.6,1694000
2004-06-30,12.7,12.8,12.3,12.4,537708
2004-07-01,12.2,12.95,12.2,12.45,1522719
2004-07-02,12.2,12.4,12.05,12.05,298380
2004-07-05,12.2,12.4,12.05,12.3,456238
2004-07-06,12.3,12.45,12.05,12.3,408001
2004-07-07,12.1,12.3,12.1,12.2,174002
2004-07-08,12.3,12.6,12.2,12.25,530000
2004-07-09,12.25,12.4,12.15,12.25,267605
2004-07-12,12.35,12.65,12.35,12.45,724019
2004-07-13,12.55,12.65,12.4,12.45,591013
2004-07-14,12.4,12.5,12.25,12.25,407000
2004-07-15,12.25,12.4,12.1,12.2,401000
2004-07-16,12.4,12.4,12.2,12.2,301001
2004-07-19,12.05,12.35,12.05,12.1,210000
2004-07-20,12.2,12.2,11.3,11.35,764603
2004-07-21,11.4,11.8,11.4,11.55,187001
2004-07-22,11.5,11.75,11.45,11.55,429001
2004-07-23,11.55,12.0,11.55,11.65,512000
2004-07-26,11.75,11.85,11.55,11.7,127004
2004-07-27,11.65,12.2,11.65,11.95,235004
2004-07-28,12.0,12.3,12.0,12.2,312002
2004-07-29,12.2,12.25,12.05,12.05,304004
2004-07-30,12.25,12.5,12.1,12.1,689000
2004-08-02,12.1,12.9,12.1,12.9,1395000
2004-08-03,13.05,13.3,12.75,12.85,988000
2004-08-04,12.85,12.85,12.25,12.35,420000
2004-08-05,12.3,12.5,11.75,12.35,688004
2004-08-06,12.25,12.4,11.9,12.2,192003
2004-08-09,12.05,12.35,12.05,12.2,166004
2004-08-10,12.25,12.3,12.05,12.05,114000
2004-08-11,12.2,12.2,12.0,12.0,94000
2004-08-12,11.8,12.1,11.8,12.1,86200
2004-08-13,12.0,12.2,11.9,12.2,33897
2004-08-16,12.2,12.3,12.1,12.15,38001
2004-08-17,12.15,12.15,11.5,11.5,131000
2004-08-18,11.7,11.7,11.2,11.6,226011
2004-08-19,11.6,12.25,11.6,12.1,247010
2004-08-20,12.15,12.5,12.1,12.4,342000
2004-08-23,12.3,12.55,12.2,12.35,325001
2004-08-26,12.5,12.55,12.4,12.4,366000
2004-08-27,12.4,12.55,12.25,12.4,521590
2004-08-30,12.4,12.9,12.4,12.7,1181000
2004-08-31,12.7,13.1,12.6,12.6,1513000
2004-09-01,12.7,12.9,12.6,12.9,498001
2004-09-02,13.0,13.0,12.65,12.95,865520
2004-09-03,13.0,13.4,12.85,13.15,1558000
2004-09-06,13.25,13.25,12.75,13.0,834000
2004-09-07,13.0,13.05,12.8,12.9,524000
2004-09-08,12.95,13.1,12.85,13.05,828920
2004-09-09,13.0,13.05,12.8,12.8,356000
2004-09-10,12.9,13.3,12.9,13.2,1622000
2004-09-13,13.3,14.1,13.15,14.1,3298740
2004-09-14,14.3,14.7,13.85,14.0,3418480
2004-09-15,13.8,14.2,13.7,14.05,1373825
2004-09-16,13.95,13.95,13.55,13.55,818000
2004-09-17,13.55,13.7,13.1,13.1,676800
2004-09-20,13.1,14.0,13.1,14.0,1407174
2004-09-21,14.1,14.2,13.65,13.65,994000
2004-09-22,13.75,14.05,13.55,13.55,810000
2004-09-23,13.4,13.7,13.4,13.45,577000
2004-09-24,13.55,13.9,13.45,13.65,963000
2004-09-27,13.75,13.9,13.55,13.85,534010
2004-09-29,13.9,14.2,12.9,12.95,1635000
2004-09-30,13.05,13.3,12.95,13.1,687000
2004-10-01,13.2,13.6,13.15,13.5,591000
2004-10-04,13.6,13.8,13.3,13.4,898020
2004-10-05,13.4,13.6,13.4,13.4,407680
2004-10-06,13.5,13.75,13.3,13.6,710000
2004-10-07,13.6,13.7,13.3,13.3,402000
2004-10-08,13.3,13.5,13.25,13.4,483980
2004-10-11,13.5,14.3,13.35,14.3,2247000
2004-10-12,14.5,14.8,14.15,14.15,3833357
2004-10-13,14.4,14.6,14.15,14.15,1878006
2004-10-14,13.5,13.8,13.2,13.2,1181000
2004-10-15,12.6,13.05,12.5,12.8,893002
2004-10-18,12.85,12.9,12.55,12.55,337000
2004-10-19,12.5,12.85,12.4,12.6,521636
2004-10-20,12.6,12.75,12.5,12.6,491485
2004-10-21,12.65,12.85,12.5,12.5,359000
2004-10-22,12.5,12.65,11.9,12.2,721900
2004-10-26,11.8,12.2,11.8,12.0,287252
2004-10-27,12.0,12.15,11.8,12.15,176080
2004-10-28,12.9,12.9,12.25,12.45,347052
2004-10-29,12.0,12.05,11.7,11.7,244481
2004-11-01,11.75,12.4,11.75,12.0,294012
2004-11-02,12.0,12.2,11.9,12.1,141100
2004-11-03,12.25,12.25,12.0,12.0,174000
2004-11-04,12.1,12.25,11.85,11.9,278000
2004-11-05,12.1,12.2,11.8,11.95,143000
2004-11-08,11.9,12.05,11.9,11.9,168000
2004-11-09,12.0,12.1,11.8,12.0,111551
2004-11-10,12.0,12.0,11.85,11.9,73000
2004-11-11,11.75,12.0,11.75,11.8,93000
2004-11-12,11.8,12.05,11.8,11.85,62000
2004-11-15,12.0,12.1,11.8,11.8,149005
2004-11-16,11.8,11.8,11.5,11.7,112840
2004-11-17,11.6,11.7,11.4,11.6,243000
2004-11-18,11.75,11.9,11.7,11.75,207000
2004-11-19,11.7,11.8,11.6,11.75,77087
2004-11-22,11.75,12.0,11.75,11.75,274000
2004-11-23,11.9,11.9,11.5,11.6,109031
2004-11-24,11.6,12.35,11.6,12.3,1172315
2004-11-25,12.3,12.3,11.75,11.75,346432
2004-11-26,11.9,12.05,11.6,11.6,470132
2004-11-29,11.95,11.95,11.7,11.8,141000
2004-11-30,11.7,11.9,11.7,11.75,138000
2004-12-01,11.8,11.85,11.65,11.7,105588
2004-12-02,11.8,11.9,11.6,11.7,109000
2004-12-03,11.6,11.6,11.5,11.55,122001
2004-12-06,11.55,11.6,11.4,11.5,83235
2004-12-07,11.5,11.6,11.5,11.5,101080
2004-12-08,11.6,11.6,11.35,11.35,77086
2004-12-09,11.35,11.45,11.2,11.25,142108
2004-12-10,11.25,11.4,11.2,11.25,166116
2004-12-13,11.35,11.55,11.1,11.2,318000
2004-12-14,11.35,11.5,11.35,11.45,545742
2004-12-15,11.5,11.85,11.45,11.75,1453686
2004-12-16,11.75,12.1,11.6,11.75,1181371
2004-12-17,11.7,11.85,11.65,11.75,719000
2004-12-20,11.6,11.75,11.5,11.65,1026611
2004-12-21,11.65,12.15,11.65,12.05,659000
2004-12-22,12.1,12.2,11.9,11.9,321300
2004-12-23,11.9,12.05,11.7,11.7,224098
2004-12-24,11.75,11.9,11.75,11.9,99324
2004-12-27,11.9,12.05,11.9,11.9,180176
2004-12-28,11.95,11.95,11.7,11.8,68070
2004-12-29,11.85,12.1,11.85,11.95,181019
2004-12-30,12.05,12.05,11.8,11.9,181000
2004-12-31,11.85,11.85,11.3,11.55,391001
2005-01-03,11.6,11.65,11.5,11.6,186000
2005-01-04,11.6,11.7,11.55,11.55,123888
2005-01-05,11.5,11.65,11.45,11.45,92688
2005-01-06,11.55,11.6,11.35,11.4,102002
2005-01-07,11.6,11.6,11.3,11.35,68000
2005-01-10,11.35,11.55,11.3,11.55,189000
2005-01-11,11.6,11.7,11.45,11.7,154000
2005-01-12,11.7,11.7,11.2,11.2,107010
2005-01-13,11.25,11.4,11.2,11.35,160000
2005-01-14,11.3,11.65,11.3,11.5,180002
2005-01-17,11.65,11.65,11.45,11.5,29000
2005-01-18,11.65,11.65,11.5,11.5,97000
2005-01-19,11.45,11.5,11.25,11.3,91280
2005-01-20,11.1,11.3,11.1,11.2,127890
2005-01-21,11.25,11.25,11.0,11.05,126320
2005-01-24,11.0,11.05,10.6,10.75,109000
2005-01-25,10.7,10.9,10.7,10.75,329321
2005-01-26,10.85,10.95,10.8,10.85,31000
2005-01-27,10.95,11.1,10.8,10.9,169808
2005-01-28,10.9,11.65,10.9,11.65,1141000
2005-01-31,11.7,11.85,11.65,11.85,684519
2005-02-01,11.8,11.95,11.5,11.5,714400
2005-02-02,11.5,12.0,11.5,11.9,515001
2005-02-03,11.8,11.95,11.8,11.95,458504
2005-02-14,12.2,12.2,11.75,11.95,200000
2005-02-15,11.9,12.0,11.65,11.9,41040
2005-02-16,11.8,11.85,11.6,11.7,130501
2005-02-17,11.75,11.8,11.5,11.55,155160
2005-02-18,11.55,12.15,11.45,12.15,418501
2005-02-21,12.1,12.55,12.0,12.55,1930000
2005-02-22,12.3,12.65,12.0,12.05,1305004
2005-02-23,11.8,12.1,11.8,11.85,310000
2005-02-24,11.9,12.05,11.6,11.6,504000
2005-02-25,11.7,11.9,11.7,11.7,315000
2005-03-01,11.95,11.95,11.7,11.75,158000
2005-03-02,11.75,11.9,11.7,11.7,238000
2005-03-03,11.7,11.8,11.55,11.55,438438
2005-03-04,11.55,11.9,11.55,11.6,325000
2005-03-07,11.8,11.85,11.6,11.6,717923
2005-03-08,11.6,11.6,11.1,11.15,415165
2005-03-09,11.1,11.25,11.1,11.2,130001
2005-03-10,11.2,11.35,11.1,11.3,253001
2005-03-11,11.4,11.5,11.25,11.25,282839
2005-03-14,11.3,11.35,10.7,10.7,256000
2005-03-15,10.8,11.0,10.7,10.7,440102
2005-03-16,10.7,10.9,10.7,10.8,110002
2005-03-17,10.75,11.55,10.75,11.35,520000
2005-03-18,11.5,11.8,11.25,11.8,545000
2005-03-21,11.8,11.8,11.55,11.6,155200
2005-03-22,11.55,11.7,11.5,11.5,98001
2005-03-23,11.55,12.05,11.1,11.4,536000
2005-03-24,11.8,11.9,11.5,11.6,312000
2005-03-25,11.7,12.4,11.65,12.4,1027000
2005-03-28,12.65,13.1,12.45,13.05,1224576
2005-03-29,13.0,13.0,12.65,12.9,777000
2005-03-30,12.8,13.5,12.55,13.5,1403332
2005-03-31,13.45,13.45,12.6,13.1,781000
2005-04-01,12.8,12.95,12.2,12.6,670100
2005-04-04,12.45,12.7,12.4,12.65,426000
2005-04-06,12.5,12.8,12.5,12.7,463419
2005-04-07,12.6,12.8,12.6,12.75,492091
2005-04-08,12.75,12.8,12.65,12.75,571000
2005-04-11,12.75,12.9,12.7,12.75,432005
2005-04-12,12.75,12.8,12.55,12.8,537000
2005-04-13,12.75,12.8,12.65,12.75,221005
2005-04-14,12.55,12.9,12.55,12.9,299000
2005-04-15,12.75,12.8,12.4,12.75,453000
2005-04-18,12.75,12.85,11.9,12.3,290000
2005-04-19,12.25,12.4,12.15,12.15,207001
2005-04-20,12.15,12.2,11.6,12.2,333016
2005-04-21,11.95,12.0,11.8,11.95,147000
2005-04-22,12.05,12.2,11.95,12.0,269000
2005-04-25,11.9,12.0,11.85,12.0,250000
2005-04-26,12.0,12.3,11.95,12.2,536000
2005-04-27,12.1,12.2,11.5,11.7,173000
2005-04-28,11.1,11.6,11.1,11.25,183000
2005-04-29,11.25,11.6,11.25,11.4,138000
2005-05-03,11.6,11.6,11.4,11.4,40000
2005-05-04,11.45,11.6,11.4,11.4,64476
2005-05-05,11.6,11.75,11.45,11.7,180000
2005-05-06,11.8,11.8,11.65,11.7,33200
2005-05-09,11.6,11.75,11.5,11.5,68000
2005-05-10,11.5,11.7,11.5,11.6,111000
2005-05-11,11.1,11.6,11.1,11.3,48000
2005-05-12,11.3,11.5,11.3,11.5,34000
2005-05-13,11.45,11.7,11.45,11.55,40000
2005-05-16,11.55,11.55,11.45,11.5,50000
2005-05-17,11.5,11.85,11.45,11.6,151000
2005-05-18,11.6,11.8,11.6,11.75,1153002
2005-05-19,11.7,11.8,11.5,11.75,1286601
2005-05-20,11.75,11.85,11.7,11.75,1552000
2005-05-23,11.75,11.75,11.65,11.65,301000
2005-05-24,11.7,11.75,11.6,11.7,162000
2005-05-25,11.65,11.8,11.6,11.7,369000
2005-05-26,11.7,11.75,11.5,11.7,144001
2005-05-27,11.55,11.7,11.55,11.65,87091
2005-05-30,11.65,11.65,11.5,11.55,97199
2005-05-31,11.55,11.55,11.25,11.25,37011
2005-06-01,11.25,11.75,11.25,11.65,76010
2005-06-02,11.65,11.95,11.6,11.85,488000
2005-06-03,11.85,12.1,11.8,12.1,510000
2005-06-06,12.05,12.25,11.9,12.15,718001
2005-06-07,12.1,12.35,11.9,12.05,783000
2005-06-08,12.0,12.0,11.75,11.75,213000
2005-06-09,11.75,11.85,11.7,11.8,328000
2005-06-10,11.8,11.9,11.8,11.85,417752
2005-06-13,11.85,11.9,11.75,11.8,238000
2005-06-14,11.8,11.95,11.75,11.9,802114
2005-06-15,11.9,12.15,11.9,12.0,850679
2005-06-16,12.0,12.1,11.9,12.0,306000
2005-06-17,12.0,12.15,11.85,11.95,547000
2005-06-20,11.95,12.15,11.95,12.15,827129
2005-06-21,12.15,12.85,12.15,12.85,3536021
2005-06-22,12.7,12.7,12.1,12.6,1123004
2005-06-23,12.55,12.6,11.85,11.85,1128000
2005-06-24,11.9,12.1,11.7,11.7,355154
2005-06-27,11.8,11.8,11.65,11.75,130505
2005-06-28,11.8,11.8,11.7,11.7,113200
2005-06-29,11.75,11.8,11.5,11.5,212052
2005-06-30,11.6,11.6,11.35,11.4,122080
2005-07-01,11.45,11.5,11.35,11.5,179025
2005-07-04,11.65,11.65,11.4,11.4,95000
2005-07-05,11.4,11.65,11.4,11.45,226005
2005-07-06,11.45,11.65,11.4,11.4,160000
2005-07-07,11.5,11.5,11.25,11.3,84035
2005-07-08,11.4,11.4,11.1,11.15,213116
2005-07-11,11.25,11.3,11.1,11.1,213640
2005-07-12,11.2,11.35,11.1,11.25,256814
2005-07-13,11.25,11.3,11.15,11.3,208260
2005-07-14,11.3,11.35,11.2,11.2,123001
2005-07-15,11.3,11.3,11.1,11.2,195534
2005-07-19,11.3,11.45,11.1,11.1,173973
2005-07-20,11.2,11.3,11.15,11.25,175080
2005-07-21,11.15,11.3,11.1,11.25,115000
2005-07-22,11.25,11.3,11.15,11.25,138000
2005-07-25,11.25,11.45,11.25,11.45,504162
2005-07-26,11.45,11.45,11.2,11.2,126812
2005-07-27,11.35,11.35,11.1,11.1,126000
2005-07-28,11.15,11.2,10.9,10.9,180251
2005-07-29,10.95,11.0,10.8,10.9,176000
2005-08-01,10.85,11.05,10.7,11.05,461000
2005-08-02,10.05,10.2,9.8,10.15,194000
2005-08-03,10.2,10.25,10.05,10.2,295160
2005-08-04,10.2,10.5,10.15,10.3,495441
2005-08-08,10.2,10.25,10.05,10.25,100098
2005-08-09,10.25,10.25,10.05,10.15,114000
2005-08-10,10.05,10.1,9.84,9.84,119000
2005-08-11,9.94,10.05,9.9,10.0,173100
2005-08-12,10.0,10.4,10.0,10.3,860000
2005-08-15,10.3,10.4,10.05,10.1,319000
2005-08-16,10.15,10.3,10.1,10.1,364000
2005-08-17,10.0,10.15,10.0,10.15,144001
2005-08-18,10.15,10.2,10.1,10.2,179000
2005-08-19,10.0,10.2,10.0,10.15,229000
2005-08-22,10.15,10.2,10.05,10.15,113000
2005-08-23,10.15,10.4,10.15,10.3,596000
2005-08-24,10.2,10.2,9.95,10.05,183000
2005-08-25,9.65,10.0,9.65,10.0,437000
2005-08-26,10.0,10.1,9.95,10.1,218000
2005-08-29,10.05,10.2,10.05,10.15,262000
2005-08-30,10.1,10.2,10.1,10.15,199815
2005-08-31,10.15,10.15,9.96,10.05,205081
2005-09-02,10.0,10.4,10.0,10.3,1057000
2005-09-05,10.35,10.4,10.05,10.3,385000
2005-09-06,10.15,10.25,10.1,10.25,334002
2005-09-07,10.25,10.25,10.0,10.15,194000
2005-09-08,10.15,10.25,9.95,10.0,673000
2005-09-09,9.95,9.95,9.88,9.9,96045
2005-09-12,9.98,10.0,9.85,9.85,41055
2005-09-13,9.96,9.97,9.83,9.83,25020
2005-09-14,9.95,9.95,9.6,9.8,77064
2005-09-15,9.61,9.61,9.26,9.39,76000
2005-09-16,9.37,9.39,9.27,9.27,57600
2005-09-19,9.27,9.43,9.27,9.3,160006
2005-09-20,9.23,9.35,9.23,9.3,88000
2005-09-21,9.3,9.37,9.26,9.31,73998
2005-09-22,9.18,9.29,9.18,9.21,102000
2005-09-23,9.16,9.21,9.16,9.21,70245
2005-09-26,9.19,9.29,9.18,9.29,16402
2005-09-27,9.27,9.27,9.2,9.27,15000
2005-09-28,9.17,9.17,9.01,9.07,81000
2005-09-29,9.09,9.13,9.09,9.13,67000
2005-09-30,9.14,9.25,9.14,9.25,39132
2005-10-03,9.2,9.24,9.15,9.23,375554
2005-10-04,9.2,9.22,9.16,9.22,47865
2005-10-05,9.16,9.22,9.11,9.22,49320
2005-10-06,9.2,9.23,9.15,9.15,49567
2005-10-07,9.15,9.15,9.11,9.11,30842
2005-10-11,9.11,9.11,9.0,9.0,51054
2005-10-12,9.0,9.0,8.86,8.97,107004
2005-10-13,8.7,8.95,8.7,8.76,48640
2005-10-14,8.76,8.8,8.5,8.5,150526
2005-10-17,8.5,8.5,8.0,8.02,307136
2005-10-18,8.0,8.01,7.7,7.75,137481
2005-10-19,7.75,7.75,7.5,7.5,232582
2005-10-20,7.5,7.58,7.45,7.58,139490
2005-10-21,7.51,7.66,7.5,7.58,53821
2005-10-24,7.53,7.58,7.51,7.57,45143
2005-10-25,7.52,7.56,7.51,7.52,51632
2005-10-26,7.52,7.57,7.5,7.51,51488
2005-10-27,7.45,7.54,7.42,7.42,42000
2005-10-28,7.42,7.42,7.1,7.13,135000
2005-10-31,7.16,7.23,6.99,7.23,137057
2005-11-01,7.47,7.68,7.45,7.56,79472
2005-11-02,7.56,7.59,7.4,7.49,84328
2005-11-03,7.49,7.51,7.32,7.41,44400
2005-11-04,7.4,7.4,7.35,7.38,19480
2005-11-07,7.38,7.38,7.25,7.29,17950
2005-11-08,7.26,7.49,7.13,7.14,38557
2005-11-09,7.22,7.29,7.14,7.19,26000
2005-11-10,7.2,7.33,7.2,7.25,73000
2005-11-11,7.39,7.48,7.39,7.4,41024
2005-11-14,7.5,7.5,7.35,7.47,71476
2005-11-15,7.65,7.65,7.5,7.59,13000
2005-11-16,7.59,7.59,7.42,7.44,8000
2005-11-17,7.57,7.57,7.35,7.37,14050
2005-11-18,7.37,7.4,7.37,7.4,27000
2005-11-21,7.35,7.54,7.35,7.42,15000
2005-11-22,7.5,7.5,7.41,7.44,55000
2005-11-23,7.42,7.55,7.42,7.48,26177
2005-11-24,7.5,7.55,7.48,7.48,32600
2005-11-25,7.53,7.53,7.37,7.4,36000
2005-11-28,7.4,7.53,7.35,7.41,29000
2005-11-29,7.41,7.42,7.36,7.36,26041
2005-11-30,7.36,7.4,7.17,7.17,87297
2005-12-01,7.18,7.26,7.17,7.18,31800
2005-12-02,7.23,7.23,7.01,7.1,95000
2005-12-05,7.13,7.16,7.1,7.14,74978
2005-12-06,7.2,7.31,7.2,7.21,16581
2005-12-07,7.31,7.31,7.28,7.28,18996
2005-12-08,7.31,7.38,7.15,7.22,20467
2005-12-09,7.22,7.22,7.17,7.17,41000
2005-12-12,7.17,7.17,7.1,7.1,87000
2005-12-13,7.1,7.19,7.1,7.1,7000
2005-12-14,7.1,7.2,7.1,7.13,11001
2005-12-15,7.13,7.13,7.13,7.13,3002
2005-12-16,7.26,7.28,7.15,7.17,25000
2005-12-19,7.17,7.48,7.17,7.44,152108
2005-12-20,7.45,7.64,7.45,7.6,201361
2005-12-21,7.64,7.9,7.64,7.83,151607
2005-12-22,7.9,7.9,7.68,7.68,127248
2005-12-23,7.58,7.87,7.56,7.68,20212
2005-12-26,7.75,7.85,7.67,7.67,39061
2005-12-27,7.59,7.85,7.58,7.85,46077
2005-12-28,7.75,8.0,7.75,7.8,66174
2005-12-29,7.67,7.8,7.64,7.8,38079
2005-12-30,7.68,7.79,7.6,7.69,77704
2006-01-02,7.66,7.67,7.52,7.53,20441
2006-01-03,7.53,7.65,7.48,7.65,140807
2006-01-04,7.7,7.73,7.51,7.61,62755
2006-01-05,7.61,7.74,7.61,7.71,67465
2006-01-06,7.76,7.76,7.61,7.67,70248
2006-01-09,7.75,7.78,7.68,7.76,66205
2006-01-10,7.77,7.9,7.77,7.9,107029
2006-01-11,8.0,8.0,7.82,7.86,62947
2006-01-12,7.87,8.13,7.86,8.06,111970
2006-01-13,7.91,8.05,7.91,7.98,86043
2006-01-16,7.95,8.19,7.95,8.08,34891
2006-01-17,7.97,8.07,7.95,7.98,79963
2006-01-18,7.98,7.99,7.9,7.92,159567
2006-01-19,7.92,7.92,7.82,7.85,150123
2006-01-20,7.82,7.85,7.82,7.82,25816
2006-01-23,7.9,7.9,7.81,7.81,52200
2006-01-24,7.82,7.9,7.82,7.9,22913
2006-01-25,7.98,8.15,7.98,8.15,107000
2006-02-03,8.19,8.72,8.19,8.72,120253
2006-02-06,8.9,9.33,8.9,9.33,746023
2006-02-07,9.3,9.39,8.81,9.22,422040
2006-02-08,9.0,9.17,8.84,9.12,123477
2006-02-09,9.1,9.1,8.49,8.49,288360
2006-02-10,8.49,8.93,8.49,8.77,367480
2006-02-13,8.78,8.78,8.41,8.5,78080
2006-02-14,8.49,8.7,8.49,8.52,72100
2006-02-15,8.52,8.64,8.44,8.6,154283
2006-02-16,8.5,8.7,8.5,8.65,66098
2006-02-17,8.5,8.58,8.36,8.37,78828
2006-02-20,8.45,8.51,8.34,8.5,57826
2006-02-21,8.65,8.65,8.41,8.42,77714
2006-02-22,8.31,8.41,8.12,8.2,33149
2006-02-23,8.18,8.2,8.1,8.15,139489
2006-02-24,8.25,8.25,8.11,8.12,31068
2006-02-27,8.1,8.1,8.01,8.03,75001
2006-03-01,7.91,8.04,7.91,7.96,100082
2006-03-02,7.97,7.98,7.86,7.86,110416
2006-03-03,7.86,7.88,7.71,7.72,103001
2006-03-06,7.72,7.74,7.72,7.74,85840
2006-03-07,7.75,7.8,7.73,7.8,119603
2006-03-08,8.0,8.34,8.0,8.34,385891
2006-03-09,8.75,8.79,8.5,8.6,541323
2006-03-10,8.6,8.6,8.21,8.27,143081
2006-03-13,8.28,8.45,8.0,8.4,135200
2006-03-14,8.21,8.35,8.1,8.1,39748
2006-03-15,8.03,8.3,8.0,8.0,48134
2006-03-16,7.86,8.09,7.8,8.09,44108
2006-03-17,8.0,8.1,7.93,8.06,61476
2006-03-20,8.09,8.1,8.0,8.0,17660
2006-03-21,8.03,8.07,7.8,7.8,86628
2006-03-22,7.7,7.8,7.7,7.75,108000
2006-03-23,7.75,7.82,7.74,7.8,15061
2006-03-24,7.89,8.33,7.89,8.06,127396
2006-03-27,8.14,8.2,8.07,8.11,127108
2006-03-28,8.06,8.1,8.0,8.1,39540
2006-03-29,8.1,8.1,7.93,8.07,47001
2006-03-30,8.2,8.26,8.01,8.19,134508
2006-03-31,8.03,8.2,8.03,8.05,71540
2006-04-03,8.19,8.61,8.18,8.61,467931
2006-04-04,8.8,8.85,8.45,8.5,380326
2006-04-06,8.64,8.64,8.36,8.5,187641
2006-04-07,8.5,8.58,8.45,8.56,184523
2006-04-10,8.66,9.1,8.6,8.95,530912
2006-04-11,8.95,9.5,8.5,9.5,598801
2006-04-12,9.4,9.4,9.05,9.16,415216
2006-04-13,9.0,9.75,9.0,9.75,923774
2006-04-14,9.99,10.4,9.99,10.4,2338880
2006-04-17,10.45,10.65,10.0,10.2,1083518
2006-04-18,10.2,10.2,9.5,9.71,560121
2006-04-19,9.89,9.99,9.71,9.83,417374
2006-04-20,9.94,9.96,9.7,9.89,439414
2006-04-21,9.93,9.94,9.41,9.55,419970
2006-04-24,9.55,9.9,9.55,9.71,298395
2006-04-25,9.73,9.92,9.5,9.73,385338
2006-04-26,9.73,9.9,9.56,9.58,247080
2006-04-27,9.6,9.6,9.23,9.25,208041
2006-04-28,9.2,9.2,8.61,8.79,198760
2006-05-02,8.7,9.07,8.7,8.7,201490
2006-05-03,8.81,8.89,8.55,8.55,107833
2006-05-04,8.56,8.9,8.56,8.69,250273
2006-05-05,8.76,9.1,8.76,8.91,259311
2006-05-08,8.91,9.09,8.87,8.99,198497
2006-05-09,9.0,9.0,8.8,8.84,139586
2006-05-10,8.8,9.0,8.8,8.86,130600
2006-05-11,8.86,8.98,8.81,8.81,67484
2006-05-12,8.82,8.93,8.73,8.82,148749
2006-05-15,8.86,8.95,8.81,8.83,288080
2006-05-16,8.85,8.85,8.5,8.5,177382
2006-05-17,8.4,8.61,8.4,8.48,82610
2006-05-18,8.7,8.7,8.36,8.36,35538
2006-05-19,8.28,8.94,8.28,8.94,347201
2006-05-22,9.18,9.56,8.94,8.96,727041
2006-05-23,8.65,8.9,8.65,8.73,139560
2006-05-24,8.79,9.2,8.79,8.85,243492
2006-05-25,8.75,9.4,8.75,8.96,362416
2006-05-26,9.2,9.22,8.86,8.86,136080
2006-05-29,8.65,8.86,8.65,8.8,77120
2006-05-30,8.71,8.71,8.5,8.55,54184
2006-06-01,8.68,8.68,8.46,8.59,31229
2006-06-02,8.53,8.53,8.4,8.4,45002
2006-06-05,8.35,8.45,8.1,8.1,97240
2006-06-06,8.0,8.07,7.95,8.07,105000
2006-06-07,8.0,8.19,7.95,7.95,81320
2006-06-08,7.95,7.95,7.51,7.58,182120
2006-06-09,7.58,7.72,7.56,7.72,59000
2006-06-12,7.61,7.72,7.53,7.66,92000
2006-06-13,7.66,7.72,7.6,7.6,96000
2006-06-14,7.74,8.13,7.74,7.88,187000
2006-06-15,8.05,8.05,7.8,7.8,47000
2006-06-16,8.04,8.34,7.87,8.0,561754
2006-06-19,8.0,8.19,7.88,7.99,160372
2006-06-20,7.96,8.07,7.82,7.83,76000
2006-06-21,7.83,7.99,7.62,7.62,155000
2006-06-22,7.76,7.82,7.6,7.65,231054
2006-06-23,7.61,7.65,7.57,7.62,124420
2006-06-26,7.62,7.69,7.6,7.64,108200
2006-06-27,7.64,7.99,7.61,7.98,272436
2006-06-28,7.97,8.19,7.75,7.78,107441
2006-06-29,7.8,7.85,7.75,7.8,140372
2006-06-30,7.85,7.96,7.78,7.8,167000
2006-07-03,7.87,7.87,7.75,7.75,25083
2006-07-04,7.82,7.89,7.77,7.78,38177
2006-07-05,7.78,7.93,7.75,7.78,218256
2006-07-06,7.8,7.86,7.8,7.85,25000
2006-07-07,7.85,8.18,7.85,8.1,295520
2006-07-10,8.58,8.58,8.05,8.1,71081
2006-07-11,8.11,8.12,7.92,7.95,69041
2006-07-12,8.1,8.1,7.9,7.9,41000
2006-07-13,7.9,7.95,7.85,7.95,25001
2006-07-14,7.4,7.95,7.4,7.63,114408
2006-07-17,7.64,7.73,7.55,7.55,57008
2006-07-18,7.55,7.6,7.51,7.54,26113
2006-07-19,7.72,7.78,7.64,7.64,13400
2006-07-20,7.7,7.7,7.6,7.68,30000
2006-07-21,7.68,7.74,7.6,7.62,41000
2006-07-24,7.62,7.7,7.55,7.55,67000
2006-07-25,7.64,7.64,7.57,7.64,52000
2006-07-26,7.61,7.67,7.56,7.57,31674
2006-07-27,7.63,7.63,7.57,7.57,21000
2006-07-28,7.51,7.67,7.51,7.56,9501
2006-07-31,7.59,7.67,7.56,7.56,23001
2006-08-01,7.52,7.52,7.48,7.48,40432
2006-08-02,7.42,7.53,7.42,7.48,33139
2006-08-03,7.48,7.48,7.45,7.46,113002
2006-08-04,7.46,7.49,7.45,7.45,29012
2006-08-07,7.45,7.54,7.41,7.43,117116
2006-08-08,7.43,7.68,7.43,7.47,17123
2006-08-09,7.47,7.48,7.47,7.48,66100
2006-08-10,7.48,7.48,7.44,7.46,27264
2006-08-11,7.46,7.46,7.43,7.43,27123
2006-08-14,7.5,7.63,7.46,7.46,27227
2006-08-15,7.6,7.6,7.43,7.45,45000
2006-08-16,7.45,7.68,7.45,7.59,72210
2006-08-17,7.63,7.8,7.56,7.71,112083
2006-08-18,7.79,7.79,7.55,7.7,53000
2006-08-21,7.7,7.7,7.23,7.3,119367
2006-08-22,7.25,7.43,7.25,7.43,56487
2006-08-23,7.34,7.41,7.34,7.41,12000
2006-08-24,7.4,7.4,7.32,7.32,21168
2006-08-25,7.55,7.55,7.38,7.38,11000
2006-08-28,7.38,7.47,7.3,7.3,59576
2006-08-29,7.31,7.4,7.31,7.31,19161
2006-08-30,7.49,7.49,7.37,7.38,31000
2006-08-31,7.44,7.47,7.39,7.39,15240
2006-09-01,7.37,7.48,7.35,7.35,22083
2006-09-04,7.35,7.45,7.33,7.45,29602
2006-09-05,7.44,7.44,7.38,7.38,15677
2006-09-06,7.42,7.5,7.35,7.38,23361
2006-09-07,7.35,7.37,7.25,7.36,40437
2006-09-08,7.35,7.36,7.32,7.32,30416
2006-09-11,7.4,7.5,7.4,7.45,106000
2006-09-12,7.39,7.39,7.39,7.39,3001
2006-09-13,7.4,7.4,7.33,7.35,61437
2006-09-14,7.35,7.35,7.23,7.26,44287
2006-09-15,7.23,7.37,7.23,7.26,60200
2006-09-18,7.4,7.45,7.31,7.44,25102
2006-09-19,7.5,7.5,7.32,7.35,42006
2006-09-20,7.36,7.36,7.35,7.35,26400
2006-09-21,7.35,7.35,7.3,7.31,14000
2006-09-22,7.35,7.35,7.32,7.32,34584
2006-09-25,7.48,7.6,7.34,7.57,36041
2006-09-26,7.65,7.65,7.5,7.51,16694
2006-09-27,7.51,7.58,7.4,7.5,16984
2006-09-28,7.5,7.5,7.45,7.45,19596
2006-09-29,7.52,7.55,7.48,7.48,29120
2006-10-02,7.8,7.8,7.5,7.6,64897
2006-10-03,7.61,7.8,7.61,7.7,49500
2006-10-04,7.8,7.8,7.7,7.75,48163
2006-10-05,7.89,8.2,7.77,8.0,240633
2006-10-11,7.99,8.38,7.99,8.34,181080
2006-10-12,8.45,8.49,8.02,8.12,117755
2006-10-13,8.13,8.45,8.13,8.33,319517
2006-10-14,8.33,8.67,8.33,8.43,330607
2006-10-16,8.48,8.52,8.3,8.37,232042
2006-10-17,8.5,8.5,8.02,8.3,154244
2006-10-18,8.15,8.22,8.07,8.21,63160
2006-10-19,8.3,8.3,8.03,8.12,78607
2006-10-20,8.12,8.23,8.03,8.12,67394
2006-10-23,8.12,8.25,8.12,8.24,141199
2006-10-24,8.21,8.27,8.12,8.17,98847
2006-10-25,8.21,8.21,7.91,7.93,90150
2006-10-26,7.93,7.95,7.85,7.85,74272
2006-10-27,7.85,7.94,7.81,7.84,33845
2006-10-30,7.86,8.03,7.86,8.02,80287
2006-10-31,8.0,8.15,7.96,8.08,113651
2006-11-01,8.1,8.4,8.1,8.38,184607
2006-11-02,8.5,8.5,8.38,8.41,127594
2006-11-03,8.4,8.47,8.34,8.47,293340
2006-11-06,8.05,8.37,8.05,8.26,112000
2006-11-07,8.3,8.65,8.3,8.45,301732
2006-11-08,8.6,8.6,8.44,8.46,174125
2006-11-09,8.47,8.54,8.32,8.32,101000
2006-11-10,8.32,8.4,8.22,8.22,148933
2006-11-13,8.23,8.36,8.11,8.25,194832
2006-11-14,8.25,8.33,8.25,8.3,61260
2006-11-15,8.48,8.48,8.31,8.31,72874
2006-11-16,8.31,8.5,8.31,8.46,208123
2006-11-17,8.36,8.4,8.31,8.31,43064
2006-11-20,8.6,8.6,8.31,8.33,80499
2006-11-21,8.4,8.57,8.4,8.44,102014
2006-11-22,8.51,8.56,8.44,8.5,139191
2006-11-23,8.5,8.58,8.4,8.54,81710
2006-11-24,8.56,8.6,8.46,8.5,145400
2006-11-27,8.62,8.62,8.4,8.4,146342
2006-11-28,8.4,8.49,8.32,8.35,81707
2006-11-29,8.38,8.44,8.25,8.25,149233
2006-11-30,8.3,8.55,8.28,8.49,265011
2006-12-01,8.5,8.69,8.5,8.6,439398
2006-12-04,8.85,9.2,8.77,9.2,566472
2006-12-05,9.58,9.58,9.1,9.2,1203535
2006-12-06,9.26,9.29,9.0,9.22,210569
2006-12-07,9.2,9.2,9.0,9.2,307031
2006-12-08,9.1,9.15,9.03,9.14,69000
2006-12-11,9.26,9.26,9.03,9.2,73373
2006-12-12,9.2,9.25,9.05,9.19,202157
2006-12-13,9.19,9.2,8.9,9.0,231123
2006-12-14,9.0,9.19,8.92,9.18,385360
2006-12-15,9.18,9.24,9.12,9.2,363124
2006-12-18,9.3,9.4,9.17,9.25,383316
2006-12-19,9.25,9.3,9.13,9.15,243243
2006-12-20,9.3,9.79,9.16,9.79,620782
2006-12-21,10.45,10.45,9.95,10.1,1503960
2006-12-22,10.0,10.25,9.75,9.9,766560
2006-12-25,9.71,9.9,9.71,9.73,284325
2006-12-26,9.73,9.98,9.73,9.74,299281
2006-12-27,9.8,10.4,9.8,10.4,1216548
2006-12-28,10.65,10.7,10.15,10.2,1687150
2006-12-29,10.2,10.9,10.2,10.9,1920335
2007-01-02,11.2,11.2,10.8,11.2,1570949
2007-01-03,11.2,11.3,10.6,11.3,1583186
2007-01-04,11.3,11.35,10.55,10.6,2946550
2007-01-05,10.4,10.45,9.91,9.92,977901
2007-01-08,9.95,10.15,9.92,10.15,272900
2007-01-09,10.2,10.3,9.95,10.1,304572
2007-01-10,10.0,10.0,9.7,9.72,284010
2007-01-11,9.8,9.8,9.2,9.25,738130
2007-01-12,9.45,9.54,9.3,9.42,249373
2007-01-15,9.5,9.5,9.31,9.31,63915
2007-01-16,9.26,9.5,9.26,9.42,139614
2007-01-17,9.42,9.56,9.33,9.45,61289
2007-01-18,9.5,9.66,9.46,9.51,96606
2007-01-19,9.6,9.79,9.6,9.77,249204
2007-01-22,9.8,9.9,9.72,9.85,189289
2007-01-23,9.9,9.99,9.85,9.9,395625
2007-01-24,10.0,10.05,9.74,9.92,195913
2007-01-25,9.81,10.1,9.81,10.05,581177
2007-01-26,10.0,10.15,9.81,9.85,594040
2007-01-29,9.81,9.98,9.81,9.83,256372
2007-01-30,9.9,9.99,9.85,9.87,162286
2007-01-31,9.87,9.98,9.31,9.31,276001
2007-02-01,9.51,9.51,9.38,9.45,102001
2007-02-02,9.54,9.65,9.45,9.53,155121
2007-02-05,9.66,9.66,9.5,9.65,34589
2007-02-06,9.69,9.69,9.56,9.63,33163
2007-02-07,9.56,9.56,9.4,9.45,23267
2007-02-08,9.45,9.45,9.14,9.24,184440
2007-02-09,9.41,9.41,9.3,9.32,39081
2007-02-12,9.4,9.49,9.33,9.49,184998
2007-02-13,9.5,9.8,9.38,9.8,174465
2007-02-14,9.8,10.0,9.61,9.95,250674
2007-02-26,10.0,10.55,10.0,10.4,1481997
2007-02-27,10.45,10.7,10.2,10.5,776463
2007-03-01,10.2,10.5,10.2,10.35,522464
2007-03-02,10.3,10.7,10.3,10.55,1400249
2007-03-03,10.55,10.65,10.05,10.4,706080
2007-03-05,9.9,10.2,9.81,9.9,245000
2007-03-06,9.55,10.15,9.55,10.15,179000
2007-03-07,10.1,10.15,9.9,9.98,198602
2007-03-08,9.98,10.05,9.9,9.9,337420
2007-03-09,9.9,10.35,9.9,10.25,644054
2007-03-12,10.35,10.55,10.35,10.4,540999
2007-03-13,10.4,10.6,10.4,10.4,620937
2007-03-14,10.25,10.45,10.25,10.45,330000
2007-03-15,10.5,11.15,10.5,11.15,1544247
2007-03-16,11.25,11.4,10.85,11.0,1079440
2007-03-19,11.15,11.15,10.55,10.65,461643
2007-03-20,10.65,10.75,10.5,10.55,320480
2007-03-21,10.65,10.7,10.45,10.45,334248
2007-03-22,10.65,10.8,10.45,10.7,848308
2007-03-23,10.75,10.95,10.65,10.7,1524052
2007-03-26,10.7,10.8,10.4,10.45,1018366
2007-03-27,10.45,10.6,10.4,10.55,684640
2007-03-28,10.55,10.6,10.3,10.45,669000
2007-03-29,10.4,10.45,10.2,10.3,620520
2007-03-30,10.4,10.5,10.3,10.4,505299
2007-04-02,10.5,10.6,10.4,10.45,286281
2007-04-03,10.55,10.6,10.45,10.5,333803
2007-04-04,10.6,10.6,10.45,10.55,371040
2007-04-09,10.7,11.2,10.6,11.1,1243140
2007-04-10,11.2,11.4,10.8,10.8,1190036
2007-04-11,10.85,11.1,10.8,10.85,800315
2007-04-12,11.1,11.6,11.0,11.6,3011969
2007-04-13,11.8,11.95,11.2,11.2,2596006
2007-04-14,11.3,11.7,11.3,11.7,1250029
2007-04-16,11.9,12.5,11.8,12.5,3985320
2007-04-17,12.6,12.75,11.65,11.8,3998037
2007-04-18,12.0,12.0,11.3,11.45,998265
2007-04-19,11.45,11.5,10.75,11.0,815252
2007-04-20,11.35,11.35,10.8,10.95,565399
2007-04-23,11.0,11.1,10.7,10.9,603512
2007-04-24,10.9,11.3,10.85,10.85,610566
2007-04-25,11.0,11.0,10.75,10.75,299661
2007-04-26,10.95,10.95,10.7,10.85,286693
2007-04-27,10.85,10.85,10.5,10.55,325712
2007-04-30,10.55,10.55,9.94,10.0,304108
2007-05-02,10.05,10.7,10.05,10.45,638123
2007-05-03,10.4,10.65,9.81,9.95,435010
2007-05-04,10.15,10.5,10.1,10.35,378016
2007-05-07,10.4,10.7,10.4,10.6,361504
2007-05-08,10.5,10.6,10.3,10.45,275292
2007-05-09,10.45,10.55,10.2,10.3,360280
2007-05-10,10.4,10.4,10.15,10.25,135081
2007-05-11,10.2,10.35,10.2,10.25,189001
2007-05-14,10.25,10.3,10.1,10.2,93231
2007-05-15,10.2,10.25,10.05,10.05,88000
2007-05-16,10.05,10.3,10.05,10.15,151240
2007-05-17,10.3,10.3,10.0,10.05,196134
2007-05-18,10.05,10.2,10.0,10.15,150000
2007-05-21,10.1,10.35,10.1,10.2,179054
2007-05-22,10.5,10.5,10.3,10.3,175048
2007-05-23,10.35,10.45,10.3,10.35,184374
2007-05-24,10.3,10.4,10.1,10.2,77949
2007-05-25,10.1,10.1,10.05,10.1,152747
2007-05-28,10.1,10.1,9.95,9.97,167237
2007-05-29,9.97,10.2,9.91,9.95,201347
2007-05-30,9.9,10.0,9.9,9.93,108000
2007-05-31,10.0,10.0,9.85,9.86,181256
2007-06-01,9.98,9.99,9.68,9.7,593010
2007-06-04,9.73,9.84,9.73,9.82,201833
2007-06-05,9.78,9.78,9.65,9.66,149603
2007-06-06,9.7,9.83,9.7,9.75,248241
2007-06-07,9.68,9.75,9.68,9.75,69560
2007-06-08,9.6,9.75,9.6,9.7,45440
2007-06-11,9.78,9.78,9.66,9.75,101200
2007-06-12,9.75,9.76,9.62,9.69,221208
2007-06-13,9.69,9.72,9.62,9.65,137040
2007-06-14,9.7,9.71,9.62,9.68,202104
2007-06-15,9.68,9.75,9.62,9.69,158999
2007-06-20,9.66,9.72,9.6,9.72,267182
2007-06-21,9.7,9.83,9.7,9.8,224354
2007-06-22,9.9,10.2,9.85,10.1,447999
2007-06-23,10.15,10.2,9.93,9.99,199219
2007-06-25,10.0,10.25,10.0,10.2,309484
2007-06-26,10.2,10.2,10.05,10.1,245494
2007-06-27,10.15,10.15,10.05,10.05,214816
2007-06-28,10.1,10.75,10.05,10.6,1141366
2007-06-29,10.7,10.95,10.45,10.6,427800
2007-07-02,10.6,10.6,10.15,10.4,260323
2007-07-03,10.6,10.6,10.2,10.3,268003
2007-07-04,10.45,10.45,10.35,10.45,381057
2007-07-05,10.5,10.65,10.45,10.6,506042
2007-07-06,11.0,11.2,10.9,11.1,1739673
2007-07-09,11.4,11.5,11.0,11.0,590999
2007-07-10,11.0,11.2,10.8,11.0,665735
2007-07-11,10.9,10.9,10.7,10.75,365161
2007-07-12,10.8,11.15,10.7,10.8,994400
2007-07-13,11.0,11.15,10.85,11.0,724501
2007-07-16,11.15,11.7,11.1,11.25,1747287
2007-07-17,11.5,11.5,11.1,11.3,817333
2007-07-18,11.4,11.5,11.3,11.35,943239
2007-07-19,11.45,11.8,11.3,11.5,1162881
2007-07-20,11.65,11.8,11.4,11.5,847944
2007-07-23,11.5,11.6,11.3,11.5,660663
2007-07-24,12.1,12.1,11.5,11.6,908393
2007-07-25,11.6,11.7,11.35,11.55,909030
2007-07-26,11.35,11.5,10.65,10.8,1008329
2007-07-27,10.7,10.7,10.25,10.4,503001
2007-07-30,10.4,10.5,10.0,10.25,276457
2007-07-31,10.35,10.95,10.35,10.7,667040
2007-08-01,10.6,10.7,10.2,10.25,314023
2007-08-02,10.35,10.5,10.05,10.2,193040
2007-08-03,10.35,10.35,10.05,10.2,246939
2007-08-06,10.15,10.2,10.0,10.2,140002
2007-08-07,10.25,10.3,10.0,10.05,186819
2007-08-08,10.2,10.25,10.05,10.1,235000
2007-08-09,10.1,10.15,9.9,10.0,311300
2007-08-10,9.7,9.8,9.7,9.78,214000
2007-08-13,9.78,9.78,9.67,9.68,168123
2007-08-14,9.77,9.77,9.66,9.66,93291
2007-08-15,9.63,9.7,9.51,9.51,209326
2007-08-16,9.51,9.51,9.15,9.15,225124
2007-08-17,9.15,9.23,8.9,8.93,428000
2007-08-20,8.85,9.39,8.85,9.39,207231
2007-08-21,9.39,9.39,9.11,9.11,93120
2007-08-22,8.86,9.15,8.86,9.12,74249
2007-08-23,9.25,9.39,9.15,9.38,107939
2007-08-24,9.3,9.38,9.25,9.27,47001
2007-08-27,9.38,9.38,9.26,9.26,45500
2007-08-28,9.25,9.34,9.25,9.3,19707
2007-08-29,9.2,9.44,9.2,9.42,125000
2007-08-30,9.48,9.7,9.48,9.63,96000
2007-08-31,9.63,9.65,9.52,9.65,114288
2007-09-03,9.7,9.7,9.57,9.58,87080
2007-09-04,9.58,9.88,9.45,9.45,26000
2007-09-05,9.45,9.47,9.41,9.41,37000
2007-09-06,9.1,9.32,9.1,9.28,73000
2007-09-07,9.49,9.92,9.4,9.81,391160
2007-09-10,9.6,9.76,9.5,9.62,123004
2007-09-11,9.63,9.94,9.63,9.85,111216
2007-09-12,10.0,10.0,9.6,9.8,147550
2007-09-13,9.67,9.67,9.61,9.67,41120
2007-09-14,9.67,9.83,9.67,9.8,154476
2007-09-17,9.86,9.95,9.76,9.8,214083
2007-09-19,9.91,9.93,9.75,9.81,49297
2007-09-20,9.78,10.0,9.78,9.99,205433
2007-09-21,10.65,10.65,10.65,10.65,826590
2007-09-26,11.2,11.2,10.65,10.65,680323
2007-09-27,10.65,10.7,10.0,10.45,176377
2007-09-28,10.45,10.45,10.35,10.45,114040
2007-09-29,10.45,10.75,10.2,10.6,138859
2007-10-01,10.95,10.95,10.5,10.5,102373
2007-10-02,10.6,10.6,10.3,10.3,203189
2007-10-03,10.5,10.6,10.3,10.55,316083
2007-10-04,10.55,10.55,10.3,10.45,124244
2007-10-05,10.45,10.45,10.1,10.25,197400
2007-10-08,10.4,10.4,10.1,10.2,109124
2007-10-09,10.1,10.1,9.95,10.0,64401
2007-10-11,10.0,10.2,10.0,10.05,160054
2007-10-12,10.05,10.75,10.05,10.75,1295706
2007-10-15,11.0,11.05,10.55,10.7,1539602
2007-10-16,10.6,10.65,10.2,10.35,286368
2007-10-17,10.3,10.55,10.3,10.35,254495
2007-10-18,10.35,10.5,10.35,10.35,46555
2007-10-19,10.5,10.9,10.25,10.35,144720
2007-10-22,9.95,10.35,9.91,10.2,359800
2007-10-23,10.2,10.4,10.2,10.35,74085
2007-10-24,10.45,10.5,10.0,10.3,189000
2007-10-25,10.3,10.45,10.3,10.3,45000
2007-10-26,10.3,10.4,10.15,10.15,143025
2007-10-29,10.4,10.45,10.1,10.2,207850
2007-10-30,10.4,10.4,10.2,10.2,71206
2007-10-31,10.3,10.4,10.15,10.4,222270
2007-11-01,10.4,10.5,10.3,10.5,159175
2007-11-02,10.3,10.5,10.25,10.35,50100
2007-11-05,10.3,10.4,10.15,10.35,491108
2007-11-06,10.4,10.45,10.1,10.25,529083
2007-11-07,10.25,10.4,10.2,10.25,230465
2007-11-08,10.1,10.1,9.75,9.75,99000
2007-11-09,10.0,10.0,10.0,10.0,11441
2007-11-12,9.3,9.42,9.3,9.42,318000
2007-11-13,9.39,9.7,9.39,9.52,157379
2007-11-14,9.89,10.1,9.71,10.1,196000
2007-11-15,9.95,10.1,9.93,10.0,110416
2007-11-16,9.9,10.1,9.9,10.0,210001
2007-11-19,10.0,10.1,10.0,10.05,63509
2007-11-20,9.84,10.0,9.84,9.85,60000
2007-11-21,10.0,10.0,9.9,9.95,121158
2007-11-22,9.91,10.15,9.91,9.95,22000
2007-11-23,10.0,10.2,10.0,10.0,409124
2007-11-26,10.0,10.15,10.0,10.0,236240
2007-11-27,10.0,10.0,9.76,9.8,67000
2007-11-28,9.8,9.85,9.77,9.77,108000
2007-11-29,9.85,9.99,9.85,9.92,151328
2007-11-30,9.92,10.05,9.92,9.93,27080
2007-12-03,9.93,10.0,9.93,9.95,22000
2007-12-04,9.96,10.05,9.95,10.05,152083
2007-12-05,9.95,10.05,9.95,10.05,161270
2007-12-06,10.1,10.1,10.0,10.0,100146
2007-12-07,10.0,10.15,10.0,10.1,165999
2007-12-10,10.1,10.1,9.98,9.98,127200
2007-12-11,10.0,10.0,9.98,10.0,48727
2007-12-12,9.95,10.0,9.95,10.0,70372
2007-12-13,9.95,10.0,9.87,9.88,251481
2007-12-14,9.8,9.88,9.62,9.85,281000
2007-12-17,9.75,9.87,9.6,9.77,370360
2007-12-18,9.7,9.99,9.25,9.99,314000
2007-12-19,9.65,9.99,9.65,9.99,80001
2007-12-20,9.72,9.92,9.7,9.75,281416
2007-12-21,9.6,9.9,9.6,9.75,365120
2007-12-24,9.75,9.9,9.65,9.8,222000
2007-12-25,9.7,10.05,9.7,10.0,469010
2007-12-26,9.85,10.0,9.85,10.0,150200
2007-12-27,9.9,10.05,9.83,10.05,243999
2007-12-28,9.86,10.1,9.86,10.05,784452
2007-12-31,9.95,10.05,9.95,10.0,508000
2008-01-02,10.0,10.4,9.92,10.25,2145089
2008-01-03,10.15,10.15,9.99,10.1,2060256
2008-01-04,10.05,10.35,10.0,10.2,2043005
2008-01-07,10.05,10.6,10.0,10.3,2638162
2008-01-08,10.3,10.4,9.87,10.1,2022000
2008-01-09,10.0,10.15,9.7,9.7,1369898
2008-01-10,9.7,9.9,9.5,9.7,1803000
2008-01-11,9.7,9.85,9.6,9.6,332040
2008-01-14,9.69,9.75,9.11,9.11,136265
2008-01-15,9.27,9.58,9.16,9.2,623000
2008-01-16,9.15,9.15,8.62,8.65,563000
2008-01-17,8.75,8.75,8.35,8.43,170000
2008-01-18,8.35,8.35,8.1,8.35,188160
2008-01-21,8.32,8.48,8.27,8.28,76209
2008-01-22,8.2,8.2,7.78,7.79,442000
2008-01-23,7.79,8.05,7.4,7.4,427000
2008-01-24,7.45,7.77,7.45,7.5,196000
2008-01-25,7.51,7.69,7.51,7.6,79000
2008-01-28,7.62,7.62,7.35,7.35,136000
2008-01-29,7.4,7.5,7.2,7.5,157000
2008-01-30,7.5,7.64,7.36,7.36,135000
2008-01-31,7.38,7.49,7.38,7.49,64000
2008-02-01,7.52,7.8,7.5,7.63,130200
2008-02-12,7.6,7.69,7.6,7.61,81000
2008-02-13,7.63,7.71,7.6,7.63,77001
2008-02-14,7.68,7.77,7.63,7.7,94360
2008-02-15,7.7,7.8,7.65,7.73,64496
2008-02-18,7.73,7.95,7.73,7.75,138000
2008-02-19,7.85,8.29,7.85,8.29,170476
2008-02-20,8.87,8.87,8.87,8.87,260243
2008-02-21,9.49,9.49,8.94,9.01,795080
2008-02-22,9.0,9.17,8.8,9.0,193408
2008-02-25,9.2,9.2,8.97,9.01,284440
2008-02-26,9.1,9.31,9.06,9.19,465000
2008-02-27,9.3,9.3,9.1,9.18,158001
2008-02-29,9.18,9.31,9.11,9.23,377190
2008-03-03,9.17,9.17,8.91,9.05,162001
2008-03-04,9.05,9.3,9.05,9.11,154470
2008-03-05,9.11,9.4,9.11,9.12,253348
2008-03-06,9.22,9.39,9.21,9.22,200916
2008-03-07,9.23,9.35,9.07,9.11,222136
2008-03-10,9.11,9.3,9.02,9.11,190000
2008-03-11,9.1,9.19,9.01,9.1,71000
2008-03-12,9.2,9.27,9.11,9.2,255000
2008-03-13,9.19,9.2,9.01,9.01,112000
2008-03-14,9.0,9.13,8.94,9.0,110000
2008-03-17,8.85,8.89,8.76,8.76,111000
2008-03-18,8.76,8.8,8.65,8.68,54237
2008-03-19,8.8,8.84,8.7,8.72,48374
2008-03-20,8.68,8.8,8.68,8.75,10000
2008-03-21,8.73,9.1,8.73,8.77,250495
2008-03-24,9.34,9.34,9.06,9.08,136519
2008-03-25,9.15,9.19,9.05,9.15,86925
2008-03-26,9.08,9.23,9.08,9.19,152040
2008-03-27,9.19,9.23,9.06,9.08,58001
2008-03-28,9.18,9.27,9.05,9.2,88040
2008-03-31,9.25,9.36,9.16,9.27,198000
2008-04-01,9.35,9.35,9.16,9.16,74054
2008-04-02,9.3,9.3,9.15,9.2,117324
2008-04-03,9.2,9.2,9.07,9.07,148540
2008-04-07,9.01,9.34,9.01,9.34,330050
2008-04-08,9.86,9.99,9.52,9.99,807621
2008-04-09,10.15,10.65,10.05,10.3,2012702
2008-04-10,10.35,10.55,10.1,10.35,882216
2008-04-11,10.35,10.55,10.25,10.35,767797
2008-04-14,10.3,11.05,10.3,11.05,872612
2008-04-15,11.8,11.8,11.4,11.8,2134193
2008-04-16,12.5,12.6,12.35,12.6,2423087
2008-04-17,12.9,13.2,11.9,12.0,2008396
2008-04-18,11.9,12.4,11.55,12.4,923552
2008-04-21,12.2,12.6,11.6,11.6,516001
2008-04-22,11.1,12.2,11.1,11.95,574077
2008-04-23,11.95,11.95,11.4,11.55,415915
2008-04-24,11.65,11.9,11.3,11.35,479000
2008-04-25,11.5,11.7,11.15,11.35,307000
2008-04-28,11.0,11.55,11.0,11.4,270090
2008-04-29,11.5,11.6,11.2,11.4,333414
2008-04-30,11.25,12.1,11.25,11.9,974042
2008-05-02,12.0,12.55,11.95,12.2,1347535
2008-05-05,12.4,12.4,11.8,11.9,536001
2008-05-06,11.9,12.0,11.35,11.5,425733
2008-05-07,11.5,11.8,11.05,11.2,679080
2008-05-08,11.3,11.95,11.2,11.95,1077418
2008-05-09,12.35,12.75,12.2,12.75,2946998
2008-05-12,13.3,13.6,13.1,13.6,3062900
2008-05-13,14.55,14.55,14.55,14.55,942107
2008-05-14,15.55,15.55,15.55,15.55,966608
2008-05-15,16.6,16.6,16.6,16.6,516846
2008-05-16,17.75,17.75,16.6,17.0,10390669
2008-05-19,18.0,18.15,17.7,18.15,2191631
2008-05-20,19.4,19.4,19.4,19.4,905744
2008-05-21,20.75,20.75,19.6,20.75,10160362
2008-05-22,20.7,21.0,19.65,20.1,4898051
2008-05-23,20.05,21.0,19.5,19.5,2678937
2008-05-26,19.5,19.75,19.05,19.5,1978271
2008-05-27,19.9,20.85,19.65,20.85,1523801
2008-05-28,22.3,22.3,21.2,22.3,7597032
2008-05-29,22.0,22.9,21.0,21.7,3937902
2008-05-30,22.0,22.0,20.2,20.25,4278668
2008-06-02,20.0,20.0,18.9,20.0,2422065
2008-06-03,20.0,21.4,20.0,20.9,3867229
2008-06-04,20.35,21.15,20.35,20.6,2848697
2008-06-05,20.75,21.25,20.3,21.1,2570304
2008-06-06,21.6,21.6,20.15,20.15,2241450
2008-06-09,19.3,20.5,19.3,20.15,1548961
2008-06-10,20.25,20.6,19.6,19.6,1358898
2008-06-11,19.6,19.9,18.25,18.25,1989002
2008-06-12,17.1,17.8,17.0,17.0,1579050
2008-06-13,16.8,17.0,15.85,15.85,1524160
2008-06-16,15.2,16.15,15.2,15.8,1199149
2008-06-17,15.8,15.8,14.7,15.15,1680050
2008-06-18,15.15,16.2,15.0,16.2,1383380
2008-06-19,16.2,17.3,16.2,17.3,1906194
2008-06-20,18.3,18.3,16.1,16.35,3047002
2008-06-23,15.4,17.35,15.4,16.8,1609256
2008-06-24,17.3,17.3,16.6,16.75,1307000
2008-06-25,16.75,17.1,16.0,17.1,1252101
2008-06-26,17.1,18.0,16.8,17.15,984000
2008-06-27,16.65,17.1,16.4,17.1,537025
2008-06-30,17.35,17.8,16.7,16.9,781000
2008-07-01,17.0,17.2,16.05,16.45,904480
2008-07-02,16.45,17.0,16.3,17.0,901081
2008-07-03,17.0,18.15,16.7,18.15,1511801
2008-07-04,18.45,19.1,18.4,18.75,1377784
2008-07-07,19.05,20.05,18.75,20.05,2006942
2008-07-08,20.9,21.45,20.05,20.25,5314941
2008-07-09,20.95,20.95,20.35,20.65,2380993
2008-07-10,20.65,21.4,20.3,21.3,2600403
2008-07-11,21.45,22.2,21.35,21.65,1524107
2008-07-14,21.8,21.95,21.4,21.75,931184
2008-07-15,21.75,21.8,20.6,21.0,1017498
2008-07-16,21.2,21.5,20.35,20.45,1259700
2008-07-17,20.55,21.85,20.55,21.85,1591528
2008-07-18,22.2,22.9,22.2,22.4,1943595
2008-07-21,22.8,23.8,22.45,22.65,801014
2008-07-22,23.2,23.2,22.7,23.1,820586
2008-07-23,23.5,24.15,23.4,23.95,1198303
2008-07-24,24.15,24.6,24.0,24.1,867999
2008-07-25,24.1,24.1,23.3,23.6,779999
2008-07-29,23.2,23.2,21.95,21.95,720094
2008-07-30,22.1,23.15,21.8,22.1,344412
2008-07-31,21.8,21.8,21.3,21.6,394114
2008-08-01,21.05,21.85,21.0,21.6,654680
2008-08-04,21.6,21.9,21.5,21.85,816080
2008-08-05,21.85,22.2,21.6,21.85,1351782
2008-08-06,21.85,22.45,21.8,22.45,948856
2008-08-07,22.45,23.95,22.45,23.75,960999
2008-08-08,23.75,24.0,23.5,23.7,956475
2008-08-11,23.7,24.0,23.6,23.75,977437
2008-08-12,23.75,24.5,23.7,24.45,1100999
2008-08-13,24.5,24.6,24.2,24.6,699056
2008-08-14,24.6,26.3,24.6,26.3,1040227
2008-08-15,26.3,26.3,24.5,25.05,469077
2008-08-18,25.0,25.3,24.0,24.55,356250
2008-08-19,24.6,24.85,24.0,24.8,428450
2008-08-20,24.5,26.3,24.5,26.0,509987
2008-08-21,26.0,26.3,25.8,26.2,457999
2008-08-22,26.2,26.3,26.0,26.15,223602
2008-08-25,26.25,26.8,26.15,26.8,819240
2008-08-26,26.6,27.2,26.5,27.2,756423
2008-08-27,27.2,29.05,27.2,29.05,667689
2008-08-28,29.4,29.4,28.3,28.5,275447
2008-08-29,29.0,29.2,28.4,28.5,278414
2008-09-01,28.5,28.95,28.4,28.5,368438
2008-09-02,28.5,29.0,28.3,28.9,416000
2008-09-03,29.4,29.4,28.1,28.9,518444
2008-09-04,28.7,29.2,28.7,29.0,342039
2008-09-05,28.95,29.0,28.7,28.85,775849
2008-09-08,28.9,29.3,28.75,29.15,589515
2008-09-09,29.15,31.0,29.0,29.6,1128013
2008-09-10,29.6,30.1,29.5,29.5,537514
2008-09-11,29.5,29.75,29.3,29.7,564488
2008-09-12,29.7,29.9,29.45,29.7,249346
2008-09-15,29.5,29.5,28.4,28.9,316743
2008-09-16,28.0,28.5,27.7,28.3,494878
2008-09-17,28.3,28.4,26.5,28.25,745342
2008-09-18,28.0,28.15,27.25,27.5,284400
2008-09-19,27.5,27.5,26.85,27.0,582317
2008-09-22,27.0,28.85,26.4,27.5,1144710
2008-09-23,27.4,28.8,27.35,28.2,693703
2008-09-24,28.2,29.9,28.2,29.8,550733
2008-09-25,29.9,30.15,29.5,29.7,491999
2008-09-26,29.65,29.65,28.7,29.4,252372
2008-09-30,27.6,29.45,27.6,29.4,370000
2008-10-01,29.8,30.2,29.5,29.5,103712
2008-10-02,29.5,30.2,29.5,29.6,182140
2008-10-03,29.6,30.8,29.5,30.1,208400
2008-10-06,30.05,31.0,30.0,30.4,87377
2008-10-07,30.4,32.5,30.4,32.5,1046638
2008-10-08,32.5,34.75,32.5,34.75,601097
2008-10-09,35.2,37.15,35.2,37.15,801183
2008-10-13,37.15,39.0,35.85,35.85,1098386
2008-10-14,34.6,34.6,34.6,34.6,129002
2008-10-15,33.4,33.4,33.4,33.4,11000
2008-10-16,32.25,32.25,32.25,32.25,3001
2008-10-17,31.15,31.15,31.15,31.15,14002
2008-10-20,30.1,33.3,30.1,33.3,969980
2008-10-21,33.6,33.8,32.15,32.15,426002
2008-10-22,31.05,32.7,31.05,31.05,1135007
2008-10-23,30.0,30.95,30.0,30.0,467002
2008-10-24,29.5,29.95,28.95,28.95,424000
2008-10-27,28.35,30.95,28.2,30.95,379254
2008-10-28,33.1,33.1,31.2,31.35,216850
2008-10-29,32.95,33.5,31.55,33.5,230731
2008-10-30,34.4,35.6,32.5,35.6,389051
2008-10-31,35.3,35.3,33.6,33.85,236727
2008-11-03,32.1,34.1,32.1,32.7,94513
2008-11-04,32.2,34.2,32.2,34.2,780799
2008-11-05,33.7,34.5,32.9,32.9,179714
2008-11-06,32.1,32.8,31.5,31.8,100249
2008-11-07,31.2,32.3,31.2,31.85,73315
2008-11-10,32.0,33.1,31.85,31.85,125532
2008-11-11,31.85,32.85,31.85,31.9,84000
2008-11-12,32.8,32.8,31.95,31.95,44308
2008-11-13,32.0,32.8,32.0,32.05,66409
2008-11-14,32.1,32.6,32.1,32.1,64020
2008-11-17,32.1,34.0,32.1,32.85,139627
2008-11-18,33.35,33.5,32.5,32.5,68160
2008-11-19,32.7,33.3,32.6,32.65,42400
2008-11-20,32.7,33.2,32.6,32.7,69500
2008-11-21,32.95,33.0,32.7,32.7,123050
2008-11-24,32.7,32.95,32.5,32.5,85083
2008-11-25,32.7,33.4,32.7,32.95,158226
2008-11-26,33.05,34.55,33.05,34.55,366221
2008-11-27,35.4,36.95,35.4,36.95,153775
2008-11-28,36.95,36.95,34.4,34.4,190494
2008-12-01,32.4,33.6,32.05,32.05,175052
2008-12-02,31.5,33.0,31.3,32.05,1014901
2008-12-03,32.55,32.8,32.05,32.05,295971
2008-12-04,32.05,32.2,32.05,32.05,289150
2008-12-05,32.05,33.95,32.05,32.9,335084
2008-12-08,33.0,35.0,33.0,34.25,178316
2008-12-09,34.3,35.5,34.3,35.2,120040
2008-12-10,35.2,36.95,35.2,36.15,213883
2008-12-11,36.15,36.9,35.65,35.65,247510
2008-12-12,35.65,36.3,35.25,35.6,154190
2008-12-15,35.6,36.4,35.6,36.4,112121
2008-12-16,36.5,37.15,36.4,37.1,195324
2008-12-17,37.7,39.65,37.2,39.65,507846
2008-12-18,42.0,42.4,40.6,42.4,203105
2008-12-19,45.35,45.35,44.5,45.35,593594
2008-12-22,48.4,48.4,42.2,42.2,629060
2008-12-23,42.2,42.2,39.6,41.0,282651
2008-12-24,40.4,43.3,40.4,41.1,268683
2008-12-25,41.8,43.95,41.2,43.95,432689
2008-12-26,43.3,45.5,43.0,43.3,243223
2008-12-29,43.3,44.5,43.0,43.1,148422
2008-12-30,43.15,46.1,43.15,45.2,259225
2008-12-31,46.0,46.2,44.7,45.2,168460
2009-01-05,46.6,47.6,46.2,47.2,147446
2009-01-06,47.4,49.4,47.4,49.0,268523
2009-01-07,49.0,50.9,48.7,49.0,288481
2009-01-08,47.6,49.6,47.5,48.6,198100
2009-01-09,48.6,49.5,48.0,48.05,149177
2009-01-10,47.6,48.0,46.7,47.75,242624
2009-01-12,47.95,50.0,47.95,50.0,238572
2009-01-13,51.0,53.5,50.0,53.5,667691
2009-01-14,53.5,54.6,52.2,53.5,470775
2009-01-15,52.8,53.5,52.0,53.0,131053
2009-01-16,53.2,54.4,52.5,53.3,257823
2009-01-17,52.5,53.3,52.3,53.3,67163
2009-01-19,53.3,53.7,52.0,53.0,651099
2009-01-20,53.0,53.0,51.7,52.6,1013307
2009-01-21,52.0,52.6,51.3,52.3,1022802
2009-02-02,52.3,53.4,52.1,53.4,1080303
2009-02-03,53.4,57.1,53.4,57.1,1238874
2009-02-04,57.1,61.0,57.1,61.0,1642287
2009-02-05,60.5,61.3,60.2,60.5,1011226
2009-02-06,60.5,64.7,60.5,64.7,1799297
2009-02-09,69.2,69.2,60.2,60.2,2224001
2009-02-10,57.3,58.0,56.0,56.0,238101
2009-02-11,52.1,52.1,52.1,52.1,215240
2009-02-12,48.6,54.6,48.6,54.0,931684
2009-02-13,54.0,54.9,53.0,53.5,406127
2009-02-16,52.9,54.0,52.4,53.0,295637
2009-02-17,52.3,53.3,52.3,53.0,363317
2009-02-18,53.0,53.0,52.3,53.0,151384
2009-02-19,53.0,53.5,52.6,53.0,170416
2009-02-20,53.0,53.0,52.6,53.0,301305
2009-02-23,53.0,53.0,52.4,52.8,295223
2009-02-24,52.7,53.7,52.6,52.8,343000
2009-02-25,53.1,53.1,49.4,52.4,484253
2009-02-26,52.3,52.5,51.7,52.3,259080
2009-02-27,52.3,52.3,52.0,52.2,180406
2009-03-02,52.0,53.8,52.0,53.0,246883
2009-03-03,52.1,53.6,51.9,53.6,301710
2009-03-04,53.6,54.1,53.1,53.2,132454
2009-03-05,53.2,53.6,53.2,53.4,238511
2009-03-06,53.4,53.4,51.9,53.4,189000
2009-03-09,53.2,53.4,52.7,53.2,179148
2009-03-10,53.1,53.1,52.4,53.0,147367
2009-03-11,53.0,53.3,52.8,53.0,217939
2009-03-12,53.0,53.1,52.5,53.0,121041
2009-03-13,52.8,53.7,52.8,53.0,211001
2009-03-16,53.0,53.6,52.8,53.0,248705
2009-03-17,53.0,53.1,52.6,52.9,186050
2009-03-18,52.9,52.9,50.5,52.6,527733
2009-03-19,52.4,52.4,51.2,52.0,174593
2009-03-20,51.9,52.0,51.1,52.0,141873
2009-03-23,51.8,51.8,49.9,51.0,290875
2009-03-24,50.3,50.6,49.7,49.9,296987
2009-03-25,50.0,52.2,50.0,51.7,671035
2009-03-26,51.9,53.0,51.9,52.6,595030
2009-03-27,52.9,52.9,50.1,52.3,770421
2009-03-30,52.3,52.3,51.0,51.1,476229
2009-03-31,51.1,51.1,49.8,49.8,392050
2009-04-01,49.7,50.0,46.35,46.35,1173050
2009-04-02,43.15,43.15,43.15,43.15,948150
2009-04-03,40.15,40.15,40.15,40.15,1308050
2009-04-06,37.35,37.35,37.35,37.35,288001
2009-04-07,34.75,34.75,34.75,34.75,169002
2009-04-08,32.35,32.35,32.35,32.35,74151
2009-04-09,30.1,34.6,30.1,34.6,3661943
2009-04-10,34.6,35.8,32.2,32.5,5221652
2009-04-13,31.05,31.4,30.25,30.25,2655250
2009-04-14,28.15,30.25,28.15,29.5,2639255
2009-04-15,30.0,31.0,30.0,30.0,2781120
2009-04-16,30.2,30.6,29.55,29.55,1512590
2009-04-17,29.55,30.0,27.5,27.5,1672031
2009-04-20,27.5,27.5,25.8,25.95,869016
2009-04-21,25.2,26.8,24.25,26.5,2401600
2009-04-22,26.5,28.35,26.4,28.35,4778513
2009-04-23,28.45,28.95,27.0,27.0,3890637
2009-04-24,27.0,27.7,26.1,26.9,2840950
2009-04-27,26.9,26.9,25.05,25.05,1866000
2009-04-28,25.05,25.5,23.3,23.3,2381050
2009-04-29,22.2,23.2,22.2,22.85,1711200
2009-04-30,24.0,24.25,23.3,24.15,979306
2009-05-04,24.0,25.0,23.55,24.05,925106
2009-05-05,24.05,24.6,23.2,23.4,684108
2009-05-06,23.4,25.0,23.1,25.0,1749420
2009-05-07,25.8,26.75,25.5,26.45,2784828
2009-05-08,26.4,26.45,25.05,25.5,1124145
2009-05-11,25.3,26.5,25.3,25.65,1113000
2009-05-12,25.2,25.8,25.05,25.15,580100
2009-05-13,25.2,25.9,25.2,25.55,287028
2009-05-14,25.4,26.4,25.4,25.5,763013
2009-05-15,26.0,26.1,25.15,25.2,454000
2009-05-18,25.0,25.55,24.6,24.65,648723
2009-05-19,25.0,25.05,23.8,24.1,940050
2009-05-20,23.9,24.1,23.1,23.5,554050
2009-05-21,23.4,23.95,22.8,23.55,773289
2009-05-22,23.55,23.55,22.7,23.4,502798
2009-05-25,23.4,24.0,23.2,23.25,476308
2009-05-26,23.4,24.85,23.4,24.85,2303906
2009-05-27,26.2,26.2,25.15,25.35,1914254
2009-06-01,25.35,25.4,24.55,24.6,745401
2009-06-02,25.0,25.7,24.75,25.05,1204000
2009-06-03,25.45,25.45,24.55,24.6,429050
2009-06-04,24.95,25.0,23.75,24.3,428250
2009-06-05,24.3,24.4,23.75,23.8,442190
2009-06-06,23.65,24.0,23.65,23.7,267100
2009-06-08,24.6,24.6,23.75,23.85,446711
2009-06-09,23.7,24.0,22.2,22.2,513550
2009-06-10,22.2,22.8,22.0,22.0,612272
2009-06-11,22.1,22.4,22.0,22.35,314509
2009-06-12,22.4,23.3,22.3,22.35,392055
2009-06-15,22.2,22.45,20.8,20.8,365211
2009-06-16,20.7,21.2,19.7,19.95,718011
2009-06-17,20.0,20.5,19.8,19.8,480056
2009-06-18,19.8,20.15,18.45,18.45,880084
2009-06-19,18.45,18.45,17.2,17.2,2387059
2009-06-22,17.2,17.6,16.55,17.3,1423000
2009-06-23,16.6,17.25,16.6,16.65,621050
2009-06-24,16.75,17.2,16.7,17.0,871133
2009-06-25,17.0,18.15,17.0,18.15,1065017
2009-06-26,19.4,19.4,19.4,19.4,621015
2009-06-29,20.75,20.75,20.0,20.75,2713007
2009-06-30,21.5,22.2,21.2,22.2,3003029
2009-07-01,22.35,22.35,21.6,21.85,1632151
2009-07-02,21.55,23.3,21.55,22.3,1545339
2009-07-03,21.8,22.5,21.2,21.6,1512450
2009-07-06,21.6,21.8,20.65,20.65,1130950
2009-07-07,20.7,21.75,20.65,21.4,1132850
2009-07-08,21.5,21.5,20.8,20.95,548157
2009-07-09,20.5,21.1,20.5,20.7,724540
2009-07-10,20.9,21.0,20.5,20.8,479850
2009-07-13,20.95,20.95,19.95,20.0,520429
2009-07-14,20.0,20.5,20.0,20.1,313000
2009-07-15,20.3,20.85,20.25,20.7,420637
2009-07-16,21.0,22.1,20.55,21.45,1121158
2009-07-17,21.95,22.3,21.7,21.85,1084069
2009-07-20,21.6,22.0,21.35,21.55,564950
2009-07-21,22.45,22.8,21.55,22.6,3025340
2009-07-22,23.6,23.8,22.1,22.2,2233200
2009-07-23,22.0,22.2,21.6,21.85,917950
2009-07-24,22.05,22.2,21.65,21.95,831999
2009-07-27,22.0,22.0,21.6,21.65,392950
2009-07-28,21.65,22.2,21.65,22.0,713388
2009-07-29,22.2,22.9,22.2,22.4,1219312
2009-07-30,22.4,22.5,21.15,22.2,902373
2009-07-31,22.25,22.3,21.95,22.1,850544
2009-08-03,22.3,23.2,22.2,23.2,1182563
2009-08-04,23.7,23.7,22.3,22.35,2197064
2009-08-05,20.15,20.4,20.0,20.0,1219302
2009-08-06,20.0,20.0,19.0,19.3,485286
2009-08-10,19.8,19.95,19.6,19.7,411541
2009-08-11,19.75,19.8,19.45,19.7,229000
2009-08-12,19.7,19.75,19.35,19.45,272150
2009-08-13,19.45,19.95,19.45,19.6,345250
2009-08-14,19.7,20.8,19.65,20.45,1171597
2009-08-17,20.7,21.85,20.5,21.85,2026538
2009-08-18,22.0,22.9,21.7,21.75,3325580
2009-08-19,22.0,22.25,21.3,21.7,1197950
2009-08-20,21.8,22.1,20.5,22.0,1327000
2009-08-21,23.5,23.5,22.5,23.0,4111624
2009-08-24,24.6,24.6,23.55,24.05,3345620
2009-08-25,24.3,24.3,22.8,22.8,1708087
2009-08-26,22.8,23.1,21.4,21.8,1472050
2009-08-27,21.4,22.4,21.2,22.15,981204
2009-08-28,22.6,22.6,21.7,22.0,1555000
2009-08-31,22.0,22.25,21.75,21.75,815950
2009-09-01,21.7,22.75,21.55,22.75,1458295
2009-09-02,22.7,23.15,22.55,22.8,1763950
2009-09-03,22.8,23.6,22.6,22.85,1445698
2009-09-04,23.05,23.5,22.6,22.6,1244000
2009-09-07,22.65,22.7,22.2,22.5,824129
2009-09-08,22.7,22.7,22.25,22.3,555660
2009-09-09,22.5,23.0,22.3,22.7,1088000
2009-09-10,23.0,23.2,21.9,22.0,832041
2009-09-11,22.0,22.3,22.0,22.0,335000
2009-09-14,22.05,22.2,21.75,21.8,266000
2009-09-15,21.5,22.0,21.5,21.8,339170
2009-09-16,21.8,22.3,21.7,21.8,547442
2009-09-17,21.8,22.1,20.3,20.5,3717120
2009-09-18,20.5,20.5,19.75,20.3,1399352
2009-09-21,20.3,20.6,20.2,20.45,685493
2009-09-22,20.45,20.6,20.1,20.1,579815
2009-09-23,20.15,20.25,19.7,19.85,737864
2009-09-24,19.85,19.85,19.4,19.65,543426
2009-09-25,19.65,19.65,19.35,19.5,343046
2009-09-28,19.8,19.8,19.2,19.65,423647
2009-09-29,19.65,19.75,19.5,19.55,182540
2009-09-30,19.55,19.65,19.4,19.5,310530
2009-10-01,19.6,20.3,19.5,19.9,743444
2009-10-02,19.7,20.25,19.6,19.6,417003
2009-10-05,19.7,19.8,19.5,19.5,270012
2009-10-06,19.95,19.95,19.6,19.65,185084
2009-10-07,19.7,20.4,19.7,20.1,981120
2009-10-08,20.7,20.7,19.7,19.9,621608
2009-10-09,19.95,20.2,19.7,19.85,320410
2009-10-12,19.95,20.1,19.55,19.7,313295
2009-10-13,19.7,19.9,19.5,19.65,191650
2009-10-14,19.65,19.9,19.65,19.9,406220
2009-10-15,20.0,20.1,19.7,19.8,495400
2009-10-16,19.95,19.95,19.5,19.65,271997
2009-10-19,19.7,19.8,19.5,19.6,259590
2009-10-20,19.65,19.9,19.65,19.75,223584
2009-10-21,19.75,19.85,19.6,19.65,157368
2009-10-22,19.65,19.8,19.45,19.45,263707
2009-10-23,19.45,19.6,19.35,19.35,267970
2009-10-26,19.35,19.5,19.2,19.3,275743
2009-10-27,19.3,19.3,18.8,19.0,247618
2009-10-28,19.0,19.35,18.8,18.9,364790
2009-10-29,18.5,18.5,17.6,17.7,715530
2009-10-30,17.85,18.0,17.8,17.8,282106
2009-11-02,17.7,18.0,17.4,17.55,118541
2009-11-03,17.85,17.85,17.55,17.7,213130
2009-11-04,17.55,18.1,17.55,18.0,354720
2009-11-05,18.1,18.1,17.6,17.6,105640
2009-11-06,17.7,17.95,17.5,17.55,214260
2009-11-09,17.6,17.9,17.6,17.6,140465
2009-11-10,17.9,17.9,17.6,17.8,168312
2009-11-11,17.9,17.9,17.55,17.85,153160
2009-11-12,17.7,18.15,17.65,18.0,240976
2009-11-13,18.0,18.0,17.8,17.95,95919
2009-11-16,17.95,18.1,17.9,18.1,176432
2009-11-17,18.2,18.2,17.8,17.8,208180
2009-11-18,17.8,18.4,17.8,18.4,629358
2009-11-19,18.45,18.5,18.15,18.4,289983
2009-11-20,18.5,18.5,18.2,18.2,181763
2009-11-23,18.35,18.35,18.0,18.05,115900
2009-11-24,18.2,18.4,18.1,18.15,252859
2009-11-25,18.15,18.25,17.9,17.95,149890
2009-11-26,18.1,18.2,18.0,18.1,203120
2009-11-27,18.0,18.0,17.65,17.65,207540
2009-11-30,18.0,18.0,17.7,17.8,111410
2009-12-01,17.75,18.0,17.7,17.7,137893
2009-12-02,18.0,18.1,17.7,17.75,153441
2009-12-03,17.8,17.9,17.7,17.75,186220
2009-12-04,17.6,17.9,17.6,17.8,233624
2009-12-07,18.0,18.05,17.8,17.95,154920
2009-12-08,18.0,19.2,17.95,19.2,1742615
2009-12-09,19.8,20.5,19.5,20.5,3736356
2009-12-10,21.2,21.75,20.7,21.2,3057905
2009-12-11,22.0,22.65,22.0,22.65,1711296
2009-12-14,24.2,24.2,23.45,24.2,5666104
2009-12-15,24.5,25.0,23.05,23.4,3252985
2009-12-16,23.2,23.35,22.2,22.65,2214573
2009-12-17,22.7,23.45,22.65,22.7,2157448
2009-12-18,22.4,23.0,22.3,23.0,853029
2009-12-21,23.45,24.25,23.0,23.0,1442959
2009-12-22,23.2,23.6,22.7,22.7,896180
2009-12-23,22.7,23.2,22.3,22.4,870925
2009-12-24,22.4,22.7,22.1,22.1,704084
2009-12-25,22.15,22.5,21.9,22.3,651730
2009-12-28,22.3,22.6,22.05,22.35,638396
2009-12-29,22.5,22.6,22.1,22.1,528776
2009-12-30,21.2,23.5,21.2,23.3,1719943
2009-12-31,23.6,23.6,22.85,23.0,1126080
2010-01-04,23.4,24.2,23.0,23.3,1153683
2010-01-05,23.9,23.9,22.5,22.6,804630
2010-01-06,22.6,23.0,22.6,22.8,404830
2010-01-07,22.9,23.0,22.1,22.2,784080
2010-01-08,22.2,22.7,22.2,22.4,710070
2010-01-11,22.65,23.5,22.6,22.95,1242994
2010-01-12,23.4,23.4,22.45,22.5,941430
2010-01-13,22.05,22.7,22.05,22.45,325742
2010-01-14,22.3,23.1,22.3,22.4,766997
2010-01-15,22.1,22.4,22.0,22.2,760301
2010-01-18,22.2,22.65,22.0,22.55,426621
2010-01-19,22.9,22.9,22.05,22.1,447769
2010-01-20,22.35,22.5,22.1,22.4,454080
2010-01-21,22.3,22.45,21.65,21.65,650787
2010-01-22,21.0,21.0,20.2,20.3,852206
2010-01-25,19.7,20.3,19.7,19.8,392361
2010-01-26,19.8,20.25,18.45,18.7,748328
2010-01-27,18.7,18.7,18.2,18.45,413005
2010-01-28,18.85,18.95,18.45,18.7,315891
2010-01-29,18.45,18.5,17.85,18.5,339220
2010-02-01,18.5,18.5,18.05,18.05,184090
2010-02-02,18.4,18.4,17.9,17.95,388305
2010-02-03,18.1,18.35,17.6,18.1,309381
2010-02-04,18.15,18.25,17.9,18.1,141479
2010-02-05,17.9,17.9,17.4,17.4,364294
2010-02-06,17.4,17.6,16.2,16.9,307540
2010-02-08,16.9,18.05,16.6,18.05,148289
2010-02-09,18.6,18.6,17.9,18.55,326602
2010-02-10,18.75,19.1,18.6,18.6,359942
2010-02-22,19.0,19.3,18.7,18.9,282135
2010-02-23,18.9,18.9,18.2,18.9,71090
2010-02-24,18.9,18.9,18.5,18.55,113007
2010-02-25,18.9,19.1,18.5,18.55,224320
2010-02-26,18.35,18.75,18.2,18.55,171094
2010-03-01,18.55,18.9,18.55,18.9,178708
2010-03-02,19.0,19.2,18.7,18.8,112270
2010-03-03,18.95,19.15,18.7,18.8,122900
2010-03-04,18.8,19.0,18.05,18.5,179654
2010-03-05,18.8,18.95,18.55,18.8,107583
2010-03-08,18.9,19.1,18.8,19.0,236958
2010-03-09,19.0,19.1,18.85,18.9,126090
2010-03-10,18.9,18.9,18.6,18.7,191084
2010-03-11,18.7,19.0,18.7,18.75,144900
2010-03-12,18.9,18.9,18.7,18.75,95099
2010-03-15,18.75,18.8,18.5,18.7,167228
2010-03-16,18.7,18.85,18.65,18.7,98344
2010-03-17,18.9,18.95,18.7,18.8,145180
2010-03-18,18.9,19.0,18.7,18.95,300006
2010-03-19,18.95,19.15,18.9,19.05,237725
2010-03-22,19.05,19.05,18.8,18.85,281284
2010-03-23,18.95,20.15,18.95,20.15,1351670
2010-03-24,21.0,21.55,20.8,21.55,1853160
2010-03-25,22.5,22.9,21.8,22.0,3916870
2010-03-26,21.9,21.9,21.3,21.35,939220
2010-03-29,21.35,22.7,21.15,22.7,1612956
2010-03-30,22.7,23.2,22.1,22.25,1503891
2010-03-31,22.25,22.4,21.5,21.5,799810
2010-04-01,21.55,21.9,21.5,21.6,545959
2010-04-02,21.3,22.2,21.3,21.95,731701
2010-04-06,21.95,22.3,21.6,21.7,511304
2010-04-07,21.7,21.85,21.5,21.5,352840
2010-04-08,21.75,21.75,20.35,20.7,994417
2010-04-09,20.7,21.4,20.5,20.9,603419
2010-04-12,20.95,21.5,20.95,21.1,774055
2010-04-13,21.15,21.7,21.0,21.1,778865
2010-04-14,21.15,21.45,21.15,21.4,385718
2010-04-15,21.8,21.85,21.4,21.5,640282
2010-04-16,21.8,21.8,21.15,21.35,322630
2010-04-19,21.1,21.15,19.9,19.9,746793
2010-04-20,19.9,20.1,19.0,19.3,635010
2010-04-21,19.35,19.9,19.3,19.7,274230
2010-04-22,19.7,19.8,19.5,19.75,156212
2010-04-23,19.8,20.3,19.8,20.05,367305
2010-04-26,20.2,20.3,19.8,19.8,403035
2010-04-27,19.8,20.05,19.6,19.6,324238
2010-04-28,19.2,19.5,19.1,19.25,520898
2010-04-29,19.25,19.65,19.2,19.5,338125
2010-04-30,19.5,19.5,19.0,19.1,453900
2010-05-03,19.1,19.25,18.7,18.95,291090
2010-05-04,19.0,19.2,18.5,18.6,213193
2010-05-05,18.2,18.2,17.7,17.8,343361
2010-05-06,17.8,17.95,17.5,17.55,318006
2010-05-07,17.0,17.6,17.0,17.6,416200
2010-05-10,18.0,18.3,17.7,18.2,211714
2010-05-11,18.4,18.6,18.1,18.15,200376
2010-05-12,18.5,18.5,18.0,18.0,110005
2010-05-13,18.4,18.4,18.1,18.3,84090
2010-05-14,18.3,18.35,18.15,18.3,123910
2010-05-17,18.0,18.3,17.85,17.85,183130
2010-05-18,17.85,18.1,17.7,17.7,124368
2010-05-19,17.5,18.0,17.5,17.8,200701
2010-05-20,17.8,17.9,17.7,17.75,83090
2010-05-21,17.05,17.75,16.9,17.25,172006
2010-05-24,17.25,17.8,17.25,17.5,85540
2010-05-25,17.5,17.55,16.45,16.45,406690
2010-05-26,16.3,16.8,16.15,16.5,148567
2010-05-27,16.5,16.9,16.3,16.75,256180
2010-05-28,16.9,17.2,16.75,16.8,145000
2010-05-31,16.8,16.95,16.45,16.7,153058
2010-06-01,16.5,17.15,16.5,16.9,183800
2010-06-02,17.0,17.35,16.8,16.9,218495
2010-06-03,17.05,17.3,17.05,17.3,156000
2010-06-04,17.1,17.4,17.1,17.3,140810
2010-06-07,16.4,17.0,16.4,16.75,177200
2010-06-08,16.75,16.8,16.5,16.6,362450
2010-06-09,16.7,16.75,16.45,16.6,132138
2010-06-10,16.6,16.95,16.6,16.9,140014
2010-06-11,17.1,17.2,16.9,17.2,171271
2010-06-14,17.3,18.4,17.3,18.4,525648
2010-06-15,19.0,19.6,18.7,19.3,1413453
2010-06-17,19.6,19.8,18.75,18.85,600431
2010-06-18,18.85,18.85,18.5,18.6,205093
2010-06-21,18.65,19.25,18.65,19.0,324381
2010-06-22,19.5,19.5,18.8,18.85,189191
2010-06-23,18.6,18.8,18.5,18.6,166181
2010-06-24,18.9,18.95,18.55,18.85,252360
2010-06-25,18.8,18.8,18.45,18.5,129007
2010-06-28,18.5,18.8,18.45,18.5,115180
2010-06-29,18.8,18.85,18.4,18.55,179000
2010-06-30,18.15,18.2,17.6,17.75,199001
2010-07-01,17.6,17.95,17.5,17.5,180008
2010-07-02,17.5,17.9,17.5,17.7,132000
2010-07-05,17.75,17.85,17.3,17.6,174323
2010-07-06,17.7,17.8,17.55,17.8,112538
2010-07-07,17.85,18.3,17.85,17.95,169000
2010-07-08,18.0,18.5,18.0,18.2,198540
2010-07-09,18.2,18.4,18.1,18.2,77403
2010-07-12,18.25,18.35,18.0,18.35,130110
2010-07-13,18.3,18.6,17.9,18.3,277000
2010-07-14,18.5,18.5,18.05,18.25,235210
2010-07-15,18.25,18.3,18.0,18.2,142581
2010-07-16,18.0,18.2,17.85,18.05,131800
2010-07-19,17.9,18.0,17.6,17.85,192000
2010-07-20,17.85,17.85,17.5,17.7,133050
2010-07-21,17.55,17.75,17.35,17.6,245108
2010-07-22,17.6,17.8,17.6,17.65,156800
2010-07-23,17.6,17.8,17.6,17.6,195450
2010-07-26,17.7,18.8,17.7,18.8,872345
2010-07-27,18.95,19.0,18.2,18.55,488345
2010-07-28,18.5,18.65,17.6,17.6,462922
2010-07-29,17.8,18.15,17.8,17.85,310090
2010-07-30,17.9,18.4,17.85,18.1,317091
2010-08-02,18.3,18.35,18.15,18.15,287450
2010-08-03,18.15,19.25,18.15,18.5,493678
2010-08-04,18.5,18.6,18.35,18.5,181422
2010-08-05,18.7,18.7,18.15,18.25,170264
2010-08-06,18.4,18.4,18.05,18.25,136650
2010-08-09,18.15,18.55,18.1,18.35,186270
2010-08-10,18.4,18.5,18.25,18.35,197111
2010-08-11,18.35,18.35,18.1,18.1,107134
2010-08-12,18.0,18.15,17.65,18.15,211863
2010-08-13,18.4,18.8,18.0,18.5,284850
2010-08-16,18.5,18.55,18.2,18.4,274259
2010-08-17,18.1,18.4,18.05,18.25,191131
2010-08-18,18.25,18.3,17.95,17.95,327176
2010-08-19,18.25,18.25,18.0,18.05,79180
2010-08-20,18.0,18.0,17.8,17.95,152090
2010-08-23,17.9,18.15,17.9,17.95,97009
2010-08-24,17.9,18.15,17.9,18.0,203447
2010-08-25,18.0,18.0,17.15,17.7,267812
2010-08-26,17.5,17.65,17.45,17.5,138117
2010-08-27,17.4,17.65,17.4,17.65,160000
2010-08-30,17.65,17.9,17.6,17.65,115000
2010-08-31,17.55,17.6,17.0,17.15,236450
2010-09-01,17.15,17.4,17.15,17.2,161910
2010-09-02,17.5,17.6,17.2,17.3,78180
2010-09-03,17.45,17.45,17.3,17.45,35460
2010-09-06,17.5,17.5,17.35,17.4,142822
2010-09-07,17.45,18.2,17.45,17.95,391900
2010-09-08,17.95,18.1,17.5,17.85,162122
2010-09-09,17.8,17.85,17.6,17.6,115000
2010-09-10,17.8,17.85,17.6,17.75,65441
2010-09-13,17.75,17.95,17.65,17.75,127000
2010-09-14,17.75,17.8,17.65,17.7,42959
2010-09-15,17.7,17.85,17.55,17.65,353985
2010-09-16,17.65,17.8,17.55,17.6,205682
2010-09-17,17.65,17.8,17.5,17.65,298938
2010-09-20,17.75,17.75,17.5,17.55,304720
2010-09-21,17.55,17.65,17.25,17.45,410975
2010-09-23,17.4,17.55,17.4,17.5,164918
2010-09-24,17.45,18.25,17.4,17.95,1258395
2010-09-27,18.35,18.35,17.95,18.0,368416
2010-09-28,17.9,17.9,17.75,17.8,105207
2010-09-29,17.8,17.95,17.65,17.95,197570
2010-09-30,18.0,18.0,17.7,17.75,53292
2010-10-01,17.75,17.75,17.4,17.5,286387
2010-10-04,17.5,17.65,17.45,17.5,196170
2010-10-05,17.4,17.45,17.25,17.4,95006
2010-10-06,17.55,17.7,17.4,17.4,215660
2010-10-07,17.4,17.6,17.4,17.4,169450
2010-10-08,17.5,17.5,17.3,17.3,104328
2010-10-11,17.3,17.3,17.0,17.0,234526
2010-10-12,17.0,17.1,16.6,16.85,248000
2010-10-13,16.9,17.1,16.8,16.85,93090
2010-10-14,16.9,17.15,16.85,17.0,117401
2010-10-15,17.0,17.15,16.9,16.9,97090
2010-10-18,16.9,16.9,16.5,16.5,203227
2010-10-19,16.5,16.6,16.35,16.55,87450
2010-10-20,16.4,16.55,16.35,16.4,48191
2010-10-21,16.4,16.6,16.4,16.6,88134
2010-10-22,16.6,16.6,16.45,16.45,54380
2010-10-25,16.45,16.65,16.45,16.5,90496
2010-10-26,16.5,16.8,16.5,16.6,95000
2010-10-27,16.8,16.8,16.5,16.75,35085
2010-10-28,16.55,16.7,16.5,16.5,33003
2010-10-29,16.55,16.6,16.35,16.4,95238
2010-11-01,16.45,16.5,16.3,16.45,104980
2010-11-02,16.4,16.5,16.25,16.45,49533
2010-11-03,16.45,16.45,16.05,16.2,222740
2010-11-04,16.1,16.15,16.0,16.15,155361
2010-11-05,16.0,16.4,16.0,16.25,112920
2010-11-08,16.1,16.2,16.0,16.1,105008
2010-11-09,16.2,16.25,15.9,16.15,133820
2010-11-10,16.3,17.25,16.3,17.25,791072
2010-11-11,17.4,17.5,17.1,17.4,668533
2010-11-12,17.4,17.4,16.8,16.8,159533
2010-11-15,16.8,16.8,16.35,16.35,147000
2010-11-16,16.8,16.9,16.5,16.5,129000
2010-11-17,16.35,16.6,16.35,16.45,94360
2010-11-18,16.4,16.55,16.35,16.55,85708
2010-11-19,16.55,16.65,16.35,16.5,68612
2010-11-22,16.6,16.7,16.45,16.6,82144
2010-11-23,16.7,16.8,16.45,16.7,76090
2010-11-24,16.4,16.65,16.4,16.65,66000
2010-11-25,16.5,16.5,16.35,16.35,61170
2010-11-26,16.35,16.45,16.2,16.4,120000
2010-11-29,16.5,16.6,16.35,16.45,49000
2010-11-30,16.45,16.55,16.35,16.4,48000
2010-12-01,16.4,16.5,16.35,16.45,81128
2010-12-02,16.45,16.65,16.45,16.55,89720
2010-12-03,16.55,16.65,16.4,16.4,89735
2010-12-06,16.4,16.65,16.4,16.5,65000
2010-12-07,16.5,17.2,16.5,17.2,282759
2010-12-08,17.1,17.2,16.8,16.85,110864
2010-12-09,17.0,17.5,17.0,17.15,308274
2010-12-10,17.15,17.15,16.95,17.05,141196
2010-12-13,17.1,17.1,16.9,16.9,152246
2010-12-14,17.05,17.15,16.95,16.95,139620
2010-12-15,17.05,17.05,16.8,16.8,62000
2010-12-16,16.6,16.9,16.6,16.85,96990
2010-12-17,16.85,17.1,16.8,17.0,171703
2010-12-20,17.0,17.15,16.85,17.0,174004
2010-12-21,17.15,17.6,17.15,17.45,530139
2010-12-22,17.6,17.6,17.15,17.25,178139
2010-12-23,17.2,17.5,17.2,17.35,143019
2010-12-24,17.1,17.2,17.0,17.2,144360
2010-12-27,17.2,17.2,17.05,17.1,111117
2010-12-28,17.3,17.3,16.75,16.9,160000
2010-12-29,17.0,17.0,16.75,17.0,112900
2010-12-30,17.0,17.0,16.75,16.95,139496
2010-12-31,16.95,17.1,16.85,17.0,245180
2011-01-03,17.0,17.9,17.0,17.65,610996
2011-01-04,17.75,18.05,17.6,17.65,748189
2011-01-05,17.8,18.0,17.5,17.65,503922
2011-01-06,17.65,17.7,17.35,17.6,311148
2011-01-07,17.7,17.7,17.2,17.4,211001
2011-01-10,17.3,17.4,17.15,17.2,138453
2011-01-11,17.1,17.35,17.1,17.2,122895
2011-01-12,17.25,17.4,17.2,17.25,58632
2011-01-13,17.2,17.5,17.2,17.35,161636
2011-01-14,17.4,17.4,17.25,17.3,64082
2011-01-17,17.1,17.2,17.1,17.2,63255
2011-01-18,17.3,17.3,17.1,17.25,130100
2011-01-19,17.25,17.3,17.15,17.15,106981
2011-01-20,17.2,17.2,17.0,17.0,52632
2011-01-21,17.0,17.15,16.85,16.95,82100
2011-01-24,17.05,17.25,16.75,17.25,117171
2011-01-25,17.1,17.2,16.8,17.1,111425
2011-01-26,17.1,17.65,17.1,17.35,478768
2011-01-27,17.4,17.4,17.0,17.25,184720
2011-01-28,17.25,17.3,16.95,17.2,187450
2011-02-08,17.4,17.75,17.3,17.65,584827
2011-02-09,17.8,17.8,17.3,17.3,367388
2011-02-10,17.2,17.45,17.2,17.2,95271
2011-02-11,17.25,17.25,16.3,16.6,249590
2011-02-14,16.5,16.95,16.5,16.6,213857
2011-02-15,16.6,16.75,16.5,16.55,173138
2011-02-16,16.7,16.95,16.55,16.95,128864
2011-02-17,17.0,17.0,16.75,16.9,39540
2011-02-18,16.9,17.1,16.9,16.9,176930
2011-02-21,17.0,17.0,16.75,16.9,40001
2011-02-22,16.8,16.8,16.5,16.7,54000
2011-02-23,16.4,16.75,16.4,16.6,106058
2011-02-24,16.5,16.9,16.35,16.8,117090
2011-02-25,16.7,16.7,16.0,16.6,104091
2011-03-01,16.4,16.7,16.4,16.65,80587
2011-03-02,16.55,16.65,16.35,16.5,51100
2011-03-03,16.5,16.95,16.4,16.9,145625
2011-03-04,16.9,17.0,16.6,16.65,85285
2011-03-07,16.5,16.65,16.4,16.65,169000
2011-03-08,16.65,16.65,16.45,16.5,60000
2011-03-09,16.5,16.65,16.5,16.5,133455
2011-03-10,16.7,16.7,16.4,16.45,112044
2011-03-11,16.6,16.7,16.45,16.5,88000
2011-03-14,17.0,17.5,16.5,16.6,346495
2011-03-15,16.6,16.75,15.55,16.0,282897
2011-03-16,16.0,16.3,15.5,16.3,185087
2011-03-17,15.9,16.3,15.6,15.85,127000
2011-03-18,16.0,16.15,15.8,16.15,146000
2011-03-21,16.15,16.2,16.05,16.2,96197
2011-03-22,16.15,16.2,16.0,16.2,153270
2011-03-23,16.15,16.25,16.0,16.25,90436
2011-03-24,16.25,16.4,16.0,16.35,124450
2011-03-25,16.4,16.4,16.0,16.15,141221
2011-03-28,16.25,16.4,16.1,16.4,86000
2011-03-29,16.4,16.4,16.2,16.35,47180
2011-03-30,16.35,16.7,16.35,16.5,474085
2011-03-31,16.7,16.7,16.3,16.3,126000
2011-04-01,16.45,16.45,16.3,16.45,44000
2011-04-06,16.5,16.5,16.35,16.5,50090
2011-04-07,16.5,16.55,16.35,16.55,77180
2011-04-08,16.55,16.55,16.4,16.45,52633
2011-04-11,16.5,16.55,16.4,16.45,28005
2011-04-12,16.4,16.4,16.2,16.3,56333
2011-04-13,16.3,16.3,16.2,16.25,34200
2011-04-14,16.2,16.3,16.2,16.3,66000
2011-04-15,16.3,16.3,16.2,16.2,79270
2011-04-18,16.3,16.3,16.2,16.25,29180
2011-04-19,16.2,16.5,16.05,16.5,367247
2011-04-20,16.5,16.6,16.5,16.55,267000
2011-04-21,16.4,16.55,16.4,16.55,122260
2011-04-22,16.6,16.7,16.55,16.6,153495
2011-04-25,16.6,16.65,16.5,16.6,38180
2011-04-26,16.6,17.0,16.6,16.7,164100
2011-04-27,16.8,16.8,16.65,16.75,149530
2011-04-28,16.7,16.9,16.65,16.65,42734
2011-04-29,16.65,16.65,16.35,16.4,76038
2011-05-03,16.8,16.8,16.3,16.5,123000
2011-05-04,16.4,16.7,16.2,16.7,98817
2011-05-05,16.6,16.6,16.3,16.6,39706
2011-05-06,16.5,16.5,16.2,16.25,63450
2011-05-09,16.3,16.4,16.25,16.25,114270
2011-05-10,16.4,16.6,16.25,16.4,129134
2011-05-11,16.4,16.4,16.2,16.3,68045
2011-05-12,16.25,16.3,16.1,16.3,57044
2011-05-13,16.3,16.3,16.1,16.3,43196
2011-05-16,16.3,16.3,16.0,16.25,38310
2011-05-17,16.25,16.3,16.05,16.2,50180
2011-05-18,16.15,16.2,16.15,16.2,53695
2011-05-19,16.3,16.5,16.2,16.2,146000
2011-05-20,16.2,16.2,16.05,16.05,54049
2011-05-23,16.0,16.2,16.0,16.05,64180
2011-05-24,16.2,16.2,15.65,16.15,72451
2011-05-25,16.1,16.1,15.85,16.0,41000
2011-05-26,16.15,16.15,15.8,15.9,50550
2011-05-27,16.0,16.0,15.8,15.8,70200
2011-05-30,15.8,15.95,15.7,15.95,61090
2011-05-31,15.9,15.95,15.8,15.9,98000
2011-06-01,15.9,15.9,15.8,15.85,86478
2011-06-02,15.9,16.0,15.7,15.75,92440
2011-06-03,15.75,15.95,15.65,15.9,34090
2011-06-07,15.9,15.9,15.8,15.9,34000
2011-06-08,15.9,15.9,15.7,15.8,63090
2011-06-09,15.8,15.8,15.7,15.8,35694
2011-06-10,15.7,15.7,15.25,15.35,89080
2011-06-13,15.15,15.6,15.15,15.25,77100
2011-06-14,15.5,15.5,15.2,15.3,53775
2011-06-15,15.3,15.3,15.1,15.2,75000
2011-06-16,15.05,15.2,15.0,15.1,113267
2011-06-17,15.1,15.15,14.65,14.95,84026
2011-06-20,14.9,14.9,14.45,14.5,80541
2011-06-21,14.5,14.5,13.8,14.05,187135
2011-06-22,13.3,14.1,13.3,14.05,186180
2011-06-23,13.6,14.3,13.6,13.9,106065
2011-06-24,13.9,14.15,13.85,13.85,62630
2011-06-27,13.75,13.85,13.35,13.75,121104
2011-06-28,13.75,14.0,13.75,13.85,73000
2011-06-29,14.0,14.0,13.85,13.9,33000
2011-06-30,14.0,14.2,14.0,14.0,34000
2011-07-01,14.25,14.25,13.9,14.1,57090
2011-07-04,14.25,14.25,13.95,14.05,60000
2011-07-05,14.05,14.05,13.8,13.95,22133
2011-07-06,13.95,14.0,13.85,13.9,11000
2011-07-07,13.85,14.05,13.85,14.05,73537
2011-07-08,13.95,14.2,13.95,14.2,83601
2011-07-11,13.95,14.1,13.95,14.1,31999
2011-07-12,13.9,14.2,13.45,14.2,222090
2011-07-13,14.2,14.2,13.7,13.7,113450
2011-07-14,13.75,13.95,13.55,13.6,65000
2011-07-15,13.6,13.75,13.5,13.75,114000
2011-07-18,13.5,13.75,13.45,13.6,76165
2011-07-19,13.6,13.75,13.45,13.75,24000
2011-07-20,13.85,13.85,13.6,13.85,82123
2011-07-21,13.8,13.8,13.6,13.8,33000
2011-07-22,13.8,13.9,13.75,13.85,69000
2011-07-25,13.8,13.8,13.6,13.75,22001
2011-07-26,13.7,13.75,13.6,13.75,79258
2011-07-27,13.7,14.55,13.7,14.3,225090
2011-07-28,13.9,14.15,13.9,14.1,58292
2011-07-29,14.0,14.5,14.0,14.3,230080
2011-08-01,14.55,14.9,14.3,14.85,593620
2011-08-02,14.05,14.05,13.6,13.7,240300
2011-08-03,13.4,14.65,13.4,14.65,872270
2011-08-04,14.95,14.95,14.1,14.1,611990
2011-08-05,13.15,13.25,13.15,13.15,357000
2011-08-08,12.35,13.25,12.25,12.5,318900
2011-08-09,11.65,11.95,11.65,11.75,766021
2011-08-10,12.0,12.55,11.95,12.55,609000
2011-08-11,12.05,13.1,11.8,12.45,534183
2011-08-12,12.6,13.0,12.45,12.5,358270
2011-08-15,12.8,12.9,12.6,12.8,241240
2011-08-16,12.8,12.85,12.65,12.85,165000
2011-08-17,12.5,12.85,12.5,12.8,203451
2011-08-18,12.55,12.75,12.55,12.75,31444
2011-08-19,12.05,12.5,11.9,12.2,192050
2011-08-22,11.85,12.8,11.85,12.0,251014
2011-08-23,12.1,12.35,12.1,12.25,186001
2011-08-24,12.35,12.35,12.05,12.05,186292
2011-08-25,12.45,12.8,12.05,12.1,284001
2011-08-26,12.0,12.25,12.0,12.0,178000
2011-08-29,12.1,12.55,12.05,12.05,328090
2011-08-30,12.25,12.3,12.0,12.15,359000
2011-08-31,12.05,12.25,12.05,12.25,225090
2011-09-01,12.25,12.3,12.1,12.15,118540
2011-09-02,12.15,12.3,12.0,12.2,107000
2011-09-05,12.05,12.05,11.8,11.9,220000
2011-09-06,11.75,11.9,11.75,11.85,225000
2011-09-07,12.0,12.0,11.8,11.85,189000
2011-09-08,12.15,12.2,11.95,12.1,254000
2011-09-09,12.2,12.2,12.0,12.1,145188
2011-09-13,11.95,12.15,11.7,11.7,260000
2011-09-14,11.9,11.9,11.4,11.5,191760
2011-09-15,11.65,11.95,11.65,11.7,255910
2011-09-16,11.9,12.0,11.85,11.85,274870
2011-09-19,11.85,11.85,11.6,11.6,319050
2011-09-20,11.6,11.85,11.6,11.7,426720
2011-09-21,12.0,12.0,11.75,11.85,32407
2011-09-22,11.8,11.8,11.5,11.7,113090
2011-09-23,11.45,11.5,10.9,11.5,213699
2011-09-26,11.5,11.5,10.9,11.0,63000
2011-09-27,11.3,11.5,11.15,11.4,80077
2011-09-28,11.4,11.4,11.0,11.3,65180
2011-09-29,11.2,11.3,11.2,11.2,21000
2011-09-30,11.2,11.4,11.2,11.25,32000
2011-10-03,11.0,11.2,11.0,11.0,40009
2011-10-04,11.0,11.0,10.8,10.95,51100
2011-10-05,11.05,11.05,10.9,10.9,19180
2011-10-06,11.2,11.5,11.1,11.25,54090
2011-10-07,11.35,11.35,11.15,11.3,45000
2011-10-11,11.5,11.6,11.35,11.4,64135
2011-10-12,11.4,11.4,11.2,11.3,21000
2011-10-13,11.3,11.35,11.2,11.25,77900
2011-10-14,11.15,11.4,11.15,11.3,53270
2011-10-17,11.3,11.4,11.25,11.35,46090
2011-10-18,11.3,11.3,11.15,11.15,3675
2011-10-19,11.2,11.2,11.15,11.2,23880
2011-10-20,11.1,11.25,11.0,11.25,46102
2011-10-21,10.9,11.25,10.9,11.2,25300
2011-10-24,11.35,11.35,11.0,11.25,162980
2011-10-25,11.2,11.2,11.05,11.05,29124
2011-10-26,10.95,11.15,10.95,11.15,60180
2011-10-27,11.1,11.2,11.05,11.15,69018
2011-10-28,11.35,11.35,11.0,11.0,161045
2011-10-31,11.05,11.15,10.9,10.9,90258
2011-11-01,10.95,11.0,10.9,10.95,48585
2011-11-02,10.8,11.0,10.7,11.0,56090
2011-11-03,10.8,10.95,10.7,10.75,207000
2011-11-04,11.0,11.0,10.75,11.0,119294
2011-11-07,11.0,11.0,10.85,11.0,32000
2011-11-08,10.95,11.05,10.85,11.0,33630
2011-11-09,11.0,11.0,10.85,10.9,29308
2011-11-10,10.7,10.8,10.3,10.45,200000
2011-11-11,10.45,10.65,10.25,10.5,84788
2011-11-14,10.5,10.7,10.5,10.5,39030
2011-11-15,10.5,10.5,10.1,10.4,80082
2011-11-16,10.35,10.35,10.05,10.05,110983
2011-11-17,10.25,10.25,10.05,10.1,21200
2011-11-18,10.1,10.15,9.95,10.15,76450
2011-11-21,10.0,10.0,9.7,9.95,84008
2011-11-22,9.5,9.75,9.31,9.49,157008
2011-11-23,9.36,9.36,8.83,8.83,178008
2011-11-24,8.6,8.8,8.36,8.78,335709
2011-11-25,8.78,8.98,8.65,8.8,126000
2011-11-28,8.7,8.75,8.63,8.66,94450
2011-11-29,8.72,8.72,8.64,8.68,87009
2011-11-30,8.64,8.72,8.4,8.59,73000
2011-12-01,8.68,8.89,8.68,8.84,117080
2011-12-02,8.78,8.9,8.72,8.88,41000
2011-12-05,8.88,8.89,8.81,8.89,33000
2011-12-06,8.7,8.83,8.7,8.83,18010
2011-12-07,8.88,8.88,8.71,8.8,8080
2011-12-08,8.88,8.88,8.65,8.78,20000
2011-12-09,8.63,8.67,8.54,8.67,22000
2011-12-12,8.88,8.88,8.7,8.8,14001
2011-12-13,8.8,8.87,8.59,8.85,19000
2011-12-14,8.74,8.8,8.74,8.8,16050
2011-12-15,8.6,8.78,8.54,8.76,16000
2011-12-16,8.6,8.69,8.59,8.68,25000
2011-12-19,8.53,8.53,8.2,8.37,47007
2011-12-20,8.25,8.45,8.12,8.27,49000
2011-12-21,8.41,8.53,8.35,8.5,58090
2011-12-22,8.38,8.48,8.38,8.48,36630
2011-12-23,8.48,8.7,8.48,8.7,60720
2011-12-26,8.7,8.86,8.7,8.8,216990
2011-12-27,8.76,9.2,8.76,9.05,201512
2011-12-28,9.05,9.26,8.9,9.18,67093
2011-12-29,9.6,9.6,9.2,9.3,117003
2011-12-30,9.3,9.3,9.05,9.05,68180
2012-01-02,9.0,9.17,8.8,8.8,28000
2012-01-03,8.85,9.0,8.85,8.89,44001
2012-01-04,9.0,9.0,8.86,8.92,37000
2012-01-05,8.98,8.98,8.91,8.91,28002
2012-01-06,8.84,8.97,8.71,8.97,48087
2012-01-09,8.96,8.96,8.95,8.95,10001
2012-01-10,9.0,9.14,8.99,9.0,35001
2012-01-11,8.95,9.03,8.86,9.03,23361
2012-01-12,9.0,9.0,8.9,8.99,29450
2012-01-13,8.87,8.97,8.86,8.94,81000
2012-01-16,9.14,9.2,8.87,8.87,58000
2012-01-17,8.88,9.04,8.87,8.87,26000
2012-01-18,8.88,8.93,8.88,8.88,95180
2012-01-30,9.0,9.18,8.98,9.11,83001
2012-01-31,9.16,9.26,9.12,9.25,120100
2012-02-01,9.3,9.89,9.3,9.89,374180
2012-02-02,10.55,10.55,10.4,10.55,153090
2012-02-03,11.1,11.25,10.7,11.25,1091390
2012-02-04,11.8,12.0,11.5,12.0,488100
2012-02-06,12.45,12.8,12.1,12.15,1647530
2012-02-07,12.05,12.35,11.5,12.0,408331
2012-02-08,12.0,12.25,11.9,12.05,503000
2012-02-09,12.05,12.75,11.8,12.1,898090
2012-02-10,12.1,12.7,12.0,12.1,961350
2012-02-13,12.0,12.6,12.0,12.3,361513
2012-02-14,12.3,12.3,11.9,11.9,247114
2012-02-15,11.9,12.15,11.9,12.0,247820
2012-02-16,12.1,12.4,11.9,12.15,475630
2012-02-17,12.4,12.6,12.15,12.2,437360
2012-02-20,12.5,13.05,12.45,13.05,1067840
2012-02-21,13.7,13.95,13.4,13.75,2365968
2012-02-22,13.7,13.7,13.1,13.5,599463
2012-02-23,13.4,13.65,13.2,13.2,383999
2012-02-24,13.0,13.1,12.65,12.65,398378
2012-02-29,12.7,12.75,12.4,12.75,212934
2012-03-01,12.8,13.1,12.75,12.95,375332
2012-03-02,13.2,13.2,12.65,12.75,426610
2012-03-03,12.75,12.9,12.65,12.8,193615
2012-03-05,12.8,12.8,12.5,12.5,182000
2012-03-06,12.5,12.5,11.85,12.0,244321
2012-03-07,11.55,12.15,11.55,12.1,147177
2012-03-08,12.1,12.35,12.1,12.3,130267
2012-03-09,12.55,12.75,12.3,12.75,249001
2012-03-12,12.85,12.85,12.2,12.5,153091
2012-03-13,12.5,12.5,12.25,12.4,133270
2012-03-14,12.5,12.6,12.25,12.4,132753
2012-03-15,12.35,12.35,12.3,12.3,66450
2012-03-16,12.2,12.35,12.15,12.3,164000
2012-03-19,12.3,12.3,12.1,12.1,68049
2012-03-20,12.1,12.1,11.9,11.9,46820
2012-03-21,12.0,12.0,11.7,11.95,68511
2012-03-22,12.15,12.3,11.9,12.2,160000
2012-03-23,12.25,12.55,12.25,12.25,83181
2012-03-26,12.25,12.45,12.25,12.25,78450
2012-03-27,12.3,12.3,12.15,12.25,139109
2012-03-28,12.25,12.25,12.15,12.2,40080
2012-03-29,12.0,12.0,11.65,11.7,92000
2012-03-30,11.7,11.85,11.65,11.85,62910
2012-04-02,11.85,11.9,11.75,11.9,21001
2012-04-03,11.95,11.95,11.55,11.7,50069
2012-04-05,11.65,11.65,10.9,11.55,131180
2012-04-06,11.55,11.65,11.55,11.6,116001
2012-04-09,11.6,11.6,11.45,11.45,42000
2012-04-10,12.0,12.0,11.55,11.65,22900
2012-04-11,11.65,11.65,11.4,11.5,69450
2012-04-12,11.65,11.65,11.4,11.5,82170
2012-04-13,11.4,11.6,11.4,11.5,98090
2012-04-16,11.45,11.5,11.45,11.5,9088
2012-04-17,11.5,11.5,11.2,11.35,81662
2012-04-18,11.2,11.3,11.2,11.2,105001
2012-04-19,11.2,11.25,10.55,11.25,100000
2012-04-20,11.25,11.25,10.9,11.1,32000
2012-04-23,10.7,10.85,10.7,10.85,17199
2012-04-24,10.7,10.95,10.7,10.95,32109
2012-04-25,10.95,11.0,10.9,11.0,37000
2012-04-26,11.15,11.25,10.95,10.95,16000
2012-04-27,11.15,11.15,10.85,11.1,34180
2012-04-30,11.1,11.1,10.95,11.0,23294
2012-05-02,11.0,11.2,11.0,11.2,86000
2012-05-03,11.0,11.2,11.0,11.1,122100
2012-05-04,11.1,11.2,11.1,11.1,97630
2012-05-07,11.0,11.05,10.9,11.05,19000
2012-05-08,10.9,11.2,10.9,11.15,61280
2012-05-09,11.1,11.25,11.0,11.2,72001
2012-05-10,11.2,11.2,11.0,11.1,29000
2012-05-11,11.2,11.2,10.85,10.85,90000
2012-05-14,10.6,10.85,10.6,10.85,56000
2012-05-15,10.65,10.9,10.65,10.85,18002
2012-05-16,10.9,10.9,10.6,10.75,77900
2012-05-17,10.85,10.85,10.6,10.8,20044
2012-05-18,10.65,10.7,10.5,10.5,30089
2012-05-21,10.5,10.6,10.3,10.35,45000
2012-05-22,10.4,10.75,10.4,10.5,32001
2012-05-23,10.35,10.55,10.35,10.5,12163
2012-05-24,10.4,10.6,10.35,10.5,23000
2012-05-25,10.35,10.45,10.3,10.45,20000
2012-05-28,10.3,10.45,10.25,10.35,24000
2012-05-29,10.45,10.8,10.45,10.75,98001
2012-05-30,10.75,10.75,10.5,10.65,17000
2012-05-31,10.45,10.65,10.45,10.65,71000
2012-06-01,10.65,10.65,10.5,10.5,18001
2012-06-04,10.3,10.65,10.0,10.2,124022
2012-06-05,10.5,10.5,10.2,10.4,67180
2012-06-06,10.45,10.45,10.3,10.45,21116
2012-06-07,10.65,10.75,10.5,10.6,40958
2012-06-08,10.6,10.6,10.45,10.55,7035
2012-06-11,10.55,10.6,10.5,10.6,23000
2012-06-12,10.5,10.6,10.35,10.6,23000
2012-06-13,10.6,10.6,10.55,10.55,4043
2012-06-14,10.45,10.55,10.35,10.55,28064
2012-06-15,10.55,10.65,10.4,10.6,20980
2012-06-18,10.6,10.75,10.6,10.75,92450
2012-06-19,10.75,10.75,10.6,10.7,55230
2012-06-20,10.75,10.9,10.75,10.75,125045
2012-06-21,10.7,10.75,10.6,10.75,124001
2012-06-22,10.7,10.75,10.6,10.75,100031
2012-06-25,10.85,10.85,10.65,10.75,30090
2012-06-26,10.7,10.8,10.65,10.8,34001
2012-06-27,10.8,10.85,10.75,10.8,91047
2012-06-28,10.7,10.8,10.7,10.8,67002
2012-06-29,10.8,10.85,10.8,10.85,68002
2012-07-02,10.85,11.0,10.85,10.9,102090
2012-07-03,10.9,11.0,10.85,11.0,187000
2012-07-04,11.0,11.05,10.9,11.05,74000
2012-07-05,10.95,11.1,10.95,11.1,48090
2012-07-06,11.05,11.1,11.0,11.1,61431
2012-07-09,11.0,11.05,10.95,11.05,209057
2012-07-10,10.85,10.85,10.4,10.45,178000
2012-07-11,10.4,10.45,10.3,10.45,46000
2012-07-12,10.3,10.4,10.3,10.4,34999
2012-07-13,10.3,10.35,10.2,10.35,65090
2012-07-16,10.35,10.35,10.1,10.3,18000
2012-07-17,10.3,10.3,10.2,10.2,100000
2012-07-18,10.1,10.2,10.05,10.05,25900
2012-07-19,10.2,10.35,10.1,10.25,7000
2012-07-20,10.15,10.25,10.15,10.25,17000
2012-07-23,10.15,10.15,10.0,10.0,28000
2012-07-24,9.88,9.89,9.88,9.89,38200
2012-07-25,9.89,10.05,9.89,9.9,22043
2012-07-26,10.05,10.05,9.88,9.94,16000
2012-07-27,10.1,10.1,10.1,10.1,2437
2012-07-30,10.1,10.15,10.0,10.0,29090
2012-07-31,10.0,10.05,9.92,10.05,15826
2012-08-01,10.05,10.1,10.0,10.0,51098
2012-08-03,9.95,10.05,9.95,10.05,22000
2012-08-06,10.05,10.1,9.96,9.96,87800
2012-08-07,10.0,10.0,9.96,9.99,28002
2012-08-08,9.96,10.05,9.96,10.05,40043
2012-08-09,9.96,10.1,9.96,10.1,33875
2012-08-10,9.97,10.1,9.97,10.1,58403
2012-08-13,10.0,10.1,9.97,10.1,19000
2012-08-14,10.1,10.15,10.05,10.15,40776
2012-08-15,10.15,10.15,10.05,10.1,42000
2012-08-16,10.1,10.15,10.05,10.15,16025
2012-08-17,10.15,10.15,10.05,10.15,23101
2012-08-20,10.1,10.15,10.05,10.15,31001
2012-08-21,10.15,10.15,10.1,10.15,50066
2012-08-22,10.2,10.2,10.1,10.2,87100
2012-08-23,10.15,10.2,10.1,10.2,18100
2012-08-24,10.1,10.4,10.1,10.4,267093
2012-08-27,10.5,10.6,10.35,10.4,81200
2012-08-28,10.35,10.4,10.3,10.4,53314
2012-08-29,10.4,10.6,10.4,10.5,180134
2012-08-30,10.3,10.45,10.25,10.45,182372
2012-08-31,10.35,10.35,10.25,10.35,50001
2012-09-03,10.3,10.5,10.3,10.35,67100
2012-09-04,10.25,10.35,10.2,10.35,75180
2012-09-05,10.2,10.3,10.15,10.25,56000
2012-09-06,10.1,10.2,10.1,10.15,79585
2012-09-07,10.2,10.4,10.2,10.2,45752
2012-09-10,10.25,10.3,10.2,10.3,89450
2012-09-11,10.2,10.2,10.15,10.15,38826
2012-09-12,10.2,10.7,10.15,10.3,126000
2012-09-13,10.4,11.0,10.4,11.0,596059
2012-09-14,11.4,11.75,11.2,11.75,821178
2012-09-17,12.55,12.55,12.55,12.55,419579
2012-09-18,13.3,13.3,12.7,12.8,2133270
2012-09-19,12.85,13.25,12.65,12.9,796343
2012-09-20,12.9,13.2,12.6,12.7,536325
2012-09-21,12.7,12.85,12.65,12.8,323540
2012-09-24,12.7,12.7,12.0,12.4,345720
2012-09-25,12.3,12.4,12.0,12.05,245180
2012-09-26,12.05,12.85,12.05,12.85,1358508
2012-09-27,13.15,13.15,12.2,12.65,1137980
2012-09-28,12.65,13.15,12.45,12.45,1161270
2012-10-01,12.6,12.6,12.15,12.15,312090
2012-10-02,12.45,12.5,12.15,12.2,326264
2012-10-03,12.2,12.25,11.35,11.45,638507
2012-10-04,11.6,11.7,11.45,11.6,534081
2012-10-05,11.45,11.7,11.3,11.5,364720
2012-10-08,11.55,11.6,11.3,11.3,180300
2012-10-09,11.3,11.45,11.2,11.35,120180
2012-10-11,11.1,11.35,10.8,11.0,178000
2012-10-12,10.6,11.0,10.6,10.9,58000
2012-10-15,11.0,11.0,10.6,10.6,35133
2012-10-16,10.65,10.8,10.6,10.65,44349
2012-10-17,10.8,11.0,10.65,10.65,100000
2012-10-18,10.75,10.85,10.65,10.65,40000
2012-10-19,10.65,10.95,10.65,10.9,139252
2012-10-22,10.65,10.85,10.65,10.85,94395
2012-10-23,10.85,10.85,10.7,10.75,41000
2012-10-24,10.6,10.75,10.6,10.75,76000
2012-10-25,10.85,10.85,10.6,10.7,57000
2012-10-26,10.55,10.6,10.0,10.0,182008
2012-10-29,10.1,10.4,9.9,10.1,117720
2012-10-30,10.3,10.3,10.1,10.2,65161
2012-10-31,10.25,10.25,10.0,10.2,53523
2012-11-01,10.05,10.2,10.0,10.2,53165
2012-11-02,10.25,10.25,10.0,10.1,43000
2012-11-05,10.0,10.1,9.9,9.9,42000
2012-11-06,9.9,10.0,9.9,10.0,57294
2012-11-07,9.95,10.1,9.95,10.05,51720
2012-11-08,9.91,10.0,9.9,10.0,56150
2012-11-09,9.91,10.15,9.91,10.1,65693
2012-11-12,10.15,10.25,10.1,10.15,65000
2012-11-13,10.25,10.85,10.25,10.85,852880
2012-11-14,11.0,11.0,10.45,10.5,563100
2012-11-15,10.5,10.7,10.45,10.6,288000
2012-11-16,10.6,10.7,10.5,10.55,263126
2012-11-19,10.55,10.6,10.35,10.5,119079
2012-11-20,10.7,11.0,10.5,10.5,254000
2012-11-21,10.5,10.65,10.4,10.4,144360
2012-11-22,10.6,10.6,10.25,10.25,101000
2012-11-23,10.35,10.5,10.3,10.3,139000
2012-11-26,10.65,10.85,10.4,10.5,111350
2012-11-27,10.45,10.6,10.4,10.6,45999
2012-11-28,10.6,10.6,10.4,10.5,71564
2012-11-29,10.5,10.75,10.4,10.55,231000
2012-11-30,10.65,10.7,10.5,10.55,73000
2012-12-03,10.6,10.85,10.55,10.6,252366
2012-12-04,10.65,10.65,10.4,10.55,173700
2012-12-05,10.55,10.6,10.45,10.55,126099
2012-12-06,10.6,11.25,10.6,11.25,714000
2012-12-07,11.4,12.0,11.3,11.55,2357925
2012-12-10,11.5,11.65,11.15,11.15,283450
2012-12-11,11.15,11.45,11.1,11.2,263360
2012-12-12,11.2,11.35,11.15,11.15,112441
2012-12-13,11.15,11.35,11.15,11.3,146830
2012-12-14,11.3,11.35,11.15,11.35,190000
2012-12-17,11.5,11.9,11.45,11.7,557598
2012-12-18,11.8,11.8,11.35,11.4,175000
2012-12-19,11.4,11.65,11.3,11.4,126224
2012-12-20,11.5,11.95,11.5,11.6,537300
2012-12-21,11.8,12.0,11.6,11.6,385214
2012-12-22,11.8,11.9,11.45,11.5,309484
2012-12-24,11.5,11.85,11.5,11.5,307358
2012-12-25,11.7,11.7,11.5,11.6,128180
2012-12-26,11.85,12.4,11.8,12.15,1319275
2012-12-27,12.15,12.3,11.9,12.0,416000
2012-12-28,12.25,12.25,11.95,12.0,358000
2013-01-02,12.15,12.7,12.0,12.5,1750500
2013-01-03,12.95,13.1,12.75,13.0,1371637
2013-01-04,13.15,13.15,12.8,13.0,748870
2013-01-07,13.0,13.9,13.0,13.3,971850
2013-01-08,13.5,13.7,13.3,13.45,949287
2013-01-09,13.4,13.55,13.05,13.45,389100
2013-01-10,13.6,13.65,13.3,13.4,582619
2013-01-11,13.4,13.4,13.05,13.2,288892
2013-01-14,13.2,13.55,13.2,13.5,430290
2013-01-15,13.35,13.35,12.8,13.2,287458
2013-01-16,12.9,12.9,12.7,12.85,143090
2013-01-17,12.85,12.9,12.0,12.2,337178
2013-01-18,12.3,12.45,12.2,12.3,121218
2013-01-21,12.4,12.4,12.2,12.4,92000
2013-01-22,12.3,12.35,12.0,12.3,88180
2013-01-23,12.3,12.8,12.3,12.5,183270
2013-01-24,12.5,12.5,12.3,12.3,87360
2013-01-25,12.45,12.45,12.15,12.25,42018
2013-01-28,12.45,12.45,12.15,12.3,33000
2013-01-29,12.5,12.5,12.15,12.35,125360
2013-01-30,12.3,12.5,12.3,12.4,95762
2013-01-31,12.55,12.6,12.3,12.35,182000
2013-02-01,12.35,12.35,12.25,12.3,90584
2013-02-04,12.25,12.35,12.25,12.3,52044
2013-02-05,12.25,12.25,12.2,12.25,33226
2013-02-06,12.15,12.3,12.1,12.15,111080
2013-02-18,12.45,12.45,12.25,12.25,142045
2013-02-19,12.25,12.35,12.15,12.25,123059
2013-02-20,12.3,12.3,12.2,12.3,80588
2013-02-21,12.3,12.3,12.1,12.15,48810
2013-02-22,12.2,12.25,12.05,12.25,94009
2013-02-23,12.3,12.3,12.1,12.25,99090
2013-02-25,12.2,12.2,12.1,12.2,62270
2013-02-26,12.05,12.1,11.9,12.0,100266
2013-02-27,12.1,12.1,11.9,12.0,46000
2013-03-01,12.0,12.1,11.9,11.95,66920
2013-03-04,11.95,11.95,11.7,11.75,69180
2013-03-05,11.65,11.7,11.45,11.55,233100
2013-03-06,11.55,11.65,11.5,11.55,75011
2013-03-07,11.6,11.6,11.45,11.5,59290
2013-03-08,11.55,11.6,11.45,11.45,110080
2013-03-11,11.6,11.6,11.35,11.45,58200
2013-03-12,11.4,11.4,11.35,11.35,145000
2013-03-13,11.3,11.3,11.1,11.15,99010
2013-03-14,11.1,11.25,11.1,11.15,45265
2013-03-15,11.15,11.3,11.15,11.2,107000
2013-03-18,11.15,11.15,11.05,11.1,40090
2013-03-19,11.25,11.25,10.85,11.1,130000
2013-03-20,11.2,11.2,10.9,11.05,89000
2013-03-21,11.15,11.15,10.8,11.05,82000
2013-03-22,10.9,11.0,10.85,10.95,23008
2013-03-25,11.1,11.1,10.9,11.05,64090
2013-03-26,11.15,11.2,11.1,11.15,114590
2013-03-27,11.2,11.3,11.15,11.3,69090
2013-03-28,11.4,11.4,11.25,11.3,61013
2013-03-29,11.4,11.4,11.2,11.4,52630
2013-04-01,11.4,11.4,11.25,11.35,45000
2013-04-02,11.35,11.35,11.25,11.25,32191
2013-04-03,11.35,11.35,11.2,11.2,64100
2013-04-08,11.2,11.2,10.95,11.0,83009
2013-04-09,11.0,11.1,11.0,11.05,16118
2013-04-10,11.1,11.1,11.0,11.05,44000
2013-04-11,11.15,11.2,11.05,11.2,76134
2013-04-12,11.2,11.2,11.0,11.2,77090
2013-04-15,11.05,11.15,11.0,11.05,43000
2013-04-16,10.9,11.1,10.9,11.05,45353
2013-04-17,11.05,11.15,10.95,10.95,71000
2013-04-18,11.05,11.3,11.05,11.25,166200
2013-04-19,11.45,11.45,11.15,11.3,36450
2013-04-22,11.5,11.8,11.5,11.6,268173
2013-04-23,11.7,11.7,11.45,11.45,57127
2013-04-24,11.6,11.6,11.45,11.5,87023
2013-04-25,11.65,11.65,11.4,11.55,89341
2013-04-26,11.6,11.6,11.4,11.4,98001
2013-04-29,11.4,11.5,11.35,11.5,25232
2013-04-30,11.35,11.5,11.35,11.5,40002
2013-05-02,11.5,11.5,11.45,11.45,92900
2013-05-03,11.4,11.4,11.3,11.3,76450
2013-05-06,11.3,11.6,11.3,11.45,199014
2013-05-07,11.45,11.45,11.3,11.45,85058
2013-05-08,11.3,11.55,11.3,11.55,105380
2013-05-09,11.55,11.6,11.4,11.55,99542
2013-05-10,11.5,11.5,11.4,11.5,31135
2013-05-13,11.5,11.5,11.3,11.45,66180
2013-05-14,11.25,11.5,11.25,11.45,68000
2013-05-15,11.25,11.45,11.25,11.4,93000
2013-05-16,11.4,11.45,11.3,11.4,73243
2013-05-17,11.45,11.45,11.25,11.35,156090
2013-05-20,11.25,11.35,11.25,11.3,61505
2013-05-21,11.3,11.5,11.3,11.5,215100
2013-05-22,11.65,11.65,11.5,11.65,181142
2013-05-23,11.6,11.65,11.5,11.65,119000
2013-05-24,11.65,11.75,11.5,11.7,173136
2013-05-27,11.6,11.7,11.6,11.65,43000
2013-05-28,11.65,11.7,11.5,11.6,96000
2013-05-29,11.55,11.8,11.5,11.8,142000
2013-05-30,11.75,11.75,11.55,11.7,125340
2013-05-31,11.8,11.85,11.65,11.8,118000
2013-06-03,11.7,11.9,11.7,11.8,128043
2013-06-04,11.8,11.85,11.75,11.8,59000
2013-06-05,11.75,11.8,11.7,11.8,19000
2013-06-06,11.55,11.75,11.5,11.75,94000
2013-06-07,11.75,11.75,11.45,11.7,103000
2013-06-10,11.55,11.6,11.5,11.6,53000
2013-06-11,11.6,11.6,11.45,11.6,25000
2013-06-13,11.6,11.6,11.4,11.45,55090
2013-06-14,11.5,11.5,11.4,11.4,32087
2013-06-17,11.3,11.45,11.2,11.35,141087
2013-06-18,11.35,11.35,11.2,11.25,77090
2013-06-19,11.35,11.35,11.2,11.3,103000
2013-06-20,11.3,11.3,11.2,11.3,14001
2013-06-21,11.1,11.3,11.1,11.3,27000
2013-06-24,11.3,11.3,11.2,11.3,62000
2013-06-25,11.3,11.35,11.15,11.35,118388
2013-06-26,11.65,11.65,11.3,11.5,97000
2013-06-27,11.35,11.5,11.3,11.5,17388
2013-06-28,11.35,11.45,11.35,11.45,42010
2013-07-01,11.45,11.7,11.35,11.55,159000
2013-07-02,11.7,11.7,11.5,11.65,46215
2013-07-03,11.5,11.6,11.45,11.45,70216
2013-07-04,11.35,11.5,11.35,11.5,91257
2013-07-05,11.5,11.6,11.35,11.6,91200
2013-07-08,11.5,11.55,11.45,11.55,44000
2013-07-09,11.55,11.55,11.4,11.5,78001
2013-07-10,11.5,11.6,11.35,11.45,165180
2013-07-11,11.6,11.75,11.45,11.7,169000
2013-07-12,11.8,11.8,11.55,11.8,78000
2013-07-15,11.8,11.9,11.7,11.8,90767
2013-07-16,11.8,11.9,11.75,11.9,499100
2013-07-17,11.2,11.2,11.05,11.1,218000
2013-07-18,11.1,11.2,11.05,11.05,58000
2013-07-19,11.05,11.05,10.9,10.95,92270
2013-07-22,10.95,11.0,10.85,11.0,124000
2013-07-23,11.0,11.0,10.9,11.0,52000
2013-07-24,10.9,11.0,10.9,11.0,36134
2013-07-25,11.0,11.05,10.9,10.9,115262
2013-07-26,10.85,10.95,10.85,10.85,35000
2013-07-29,10.85,10.85,10.75,10.85,64543
2013-07-30,10.95,10.95,10.8,10.8,24001
2013-07-31,10.8,10.85,10.8,10.85,97089
2013-08-01,10.9,10.9,10.75,10.8,42100
2013-08-02,10.7,10.85,10.7,10.85,31100
2013-08-05,10.85,10.9,10.75,10.85,74100
2013-08-06,10.75,10.85,10.75,10.75,55000
2013-08-07,10.7,10.8,10.7,10.75,45000
2013-08-08,10.7,10.8,10.7,10.75,88000
2013-08-09,10.8,10.8,10.65,10.75,124200
2013-08-12,10.85,10.85,10.7,10.7,93000
2013-08-13,10.7,10.85,10.7,10.8,56100
2013-08-14,10.85,10.85,10.8,10.85,105500
2013-08-15,10.85,10.9,10.7,10.85,35087
2013-08-16,10.8,10.85,10.8,10.85,134000
2013-08-19,10.85,11.2,10.6,11.1,465200
2013-08-20,11.1,11.1,10.8,10.95,150043
2013-08-22,10.8,10.95,10.75,10.95,214130
2013-08-23,10.9,10.95,10.85,10.95,38621
2013-08-26,10.95,10.95,10.85,10.9,31000
2013-08-27,10.85,10.9,10.7,10.7,80000
2013-08-28,10.65,10.65,10.5,10.6,111000
2013-08-29,10.55,10.75,10.55,10.6,209000
2013-08-30,10.7,10.7,10.55,10.65,85043
2013-09-02,10.55,10.65,10.5,10.6,102008
2013-09-03,10.6,10.7,10.6,10.65,63164
2013-09-04,10.5,10.65,10.5,10.65,23361
2013-09-05,10.65,11.0,10.6,10.9,122090
2013-09-06,11.0,11.25,10.95,11.15,218338
2013-09-09,11.05,11.05,10.75,11.0,95837
2013-09-10,10.95,10.95,10.75,10.85,86000
2013-09-11,10.75,10.85,10.7,10.85,35025
2013-09-12,10.9,10.95,10.8,10.95,42783
2013-09-13,10.95,10.95,10.7,10.8,66000
2013-09-14,10.75,10.9,10.75,10.9,19090
2013-09-16,10.75,10.9,10.75,10.9,77033
2013-09-17,10.85,10.85,10.8,10.85,42000
2013-09-18,10.85,10.85,10.75,10.8,23000
2013-09-23,10.85,10.9,10.7,10.9,50243
2013-09-24,10.8,10.85,10.75,10.85,49316
2013-09-25,10.85,10.85,10.75,10.75,22079
2013-09-26,10.75,10.8,10.7,10.7,24118
2013-09-27,10.7,10.85,10.7,10.85,30000
2013-09-30,10.8,10.8,10.7,10.8,13232
2013-10-01,10.8,10.9,10.75,10.85,160000
2013-10-02,10.8,10.8,10.7,10.8,29162
2013-10-03,10.75,10.85,10.75,10.8,42000
2013-10-04,10.75,10.85,10.7,10.75,19023
2013-10-07,10.8,10.85,10.7,10.8,48270
2013-10-08,10.8,10.8,10.7,10.8,20000
2013-10-09,10.8,10.85,10.75,10.8,177300
2013-10-11,10.9,10.9,10.7,10.8,82000
2013-10-14,10.85,10.85,10.7,10.7,25000
2013-10-15,10.75,10.8,10.65,10.8,50000
2013-10-16,10.65,10.7,10.6,10.7,47267
2013-10-17,10.7,10.7,10.6,10.65,63280
2013-10-18,10.7,10.75,10.6,10.75,46090
2013-10-21,10.7,10.75,10.6,10.75,17000
2013-10-22,10.7,10.75,10.7,10.75,6000
2013-10-23,10.7,10.7,10.65,10.65,27290
2013-10-24,10.6,10.6,10.45,10.6,134000
2013-10-25,10.6,10.6,10.5,10.6,30000
2013-10-28,10.65,10.65,10.5,10.6,22092
2013-10-29,10.6,10.65,10.55,10.65,20208
2013-10-30,10.55,10.7,10.5,10.7,21450
2013-10-31,10.6,10.65,10.55,10.65,42630
2013-11-01,10.6,10.65,10.55,10.65,23000
2013-11-04,10.55,10.6,10.45,10.45,34052
2013-11-05,10.4,10.5,10.35,10.5,85537
2013-11-06,10.4,10.6,10.25,10.6,34087
2013-11-07,10.55,10.55,10.3,10.5,254000
2013-11-08,10.2,10.3,10.2,10.3,73044
2013-11-11,10.3,10.4,10.2,10.4,41398
2013-11-12,10.5,10.5,10.2,10.3,21000
2013-11-13,10.3,10.3,9.85,9.9,70030
2013-11-14,9.95,10.05,9.95,9.98,74180
2013-11-15,9.95,9.99,9.92,9.99,82240
2013-11-18,9.88,10.05,9.88,10.05,62000
2013-11-19,9.95,10.0,9.9,9.99,68000
2013-11-20,9.93,10.05,9.9,10.05,25013
2013-11-21,9.92,10.05,9.9,10.05,51518
2013-11-22,9.93,10.0,9.9,9.95,97260
2013-11-25,9.88,9.99,9.88,9.99,16270
2013-11-26,10.0,10.0,9.9,9.99,51000
2013-11-27,9.95,9.99,9.9,9.98,55090
2013-11-28,9.94,9.99,9.9,9.99,17000
2013-11-29,9.99,10.05,9.9,10.05,58000
2013-12-02,10.0,10.1,10.0,10.1,31224
2013-12-03,9.97,10.05,9.96,10.05,21000
2013-12-04,9.97,10.0,9.93,10.0,14550
2013-12-05,10.0,10.0,9.92,10.0,26448
2013-12-06,10.65,10.65,10.2,10.2,49034
2013-12-09,10.2,10.3,10.15,10.25,21011
2013-12-10,10.25,10.3,10.1,10.25,36007
2013-12-11,10.15,10.25,10.05,10.25,36000
2013-12-12,10.2,10.25,10.1,10.1,15440
2013-12-13,10.15,10.15,10.05,10.15,11000
2013-12-16,10.1,10.15,10.05,10.15,32441
2013-12-17,10.15,10.4,10.05,10.3,99000
2013-12-18,10.2,10.2,10.15,10.2,35800
2013-12-19,10.2,10.25,10.15,10.25,38464
2013-12-20,10.25,10.3,10.2,10.25,126524
2013-12-23,10.3,10.3,10.2,10.3,96270
2013-12-24,10.25,10.25,10.0,10.15,110001
2013-12-25,10.1,10.1,10.0,10.1,181001
2013-12-26,10.1,10.2,10.1,10.15,85000
2013-12-27,10.25,10.6,10.25,10.5,309000
2013-12-30,10.5,10.75,10.5,10.65,143082
2013-12-31,10.65,10.65,10.4,10.6,45000
2014-01-02,10.6,10.65,10.45,10.55,56630
2014-01-03,10.25,10.45,10.25,10.45,37090
2014-01-06,10.45,10.45,10.25,10.45,36090
2014-01-07,10.45,10.5,10.35,10.45,52181
2014-01-08,10.4,10.4,10.3,10.4,55000
2014-01-09,10.3,10.4,10.25,10.35,116001
2014-01-10,10.4,10.45,10.3,10.4,106630
2014-01-13,10.4,10.45,10.35,10.45,104004
2014-01-14,10.5,10.7,10.5,10.6,187958
2014-01-15,10.6,10.65,10.5,10.55,92886
2014-01-16,10.55,10.55,10.45,10.5,30999
2014-01-17,10.45,10.55,10.45,10.55,52180
2014-01-20,10.5,10.5,10.25,10.35,126413
2014-01-21,10.3,10.3,10.25,10.3,59000
2014-01-22,10.35,10.35,10.25,10.3,13000
2014-01-23,10.3,10.35,10.25,10.35,26123
2014-01-24,10.25,10.25,10.2,10.2,19000
2014-01-27,10.15,10.25,10.1,10.25,44090
2014-02-05,10.15,10.25,10.0,10.25,81090
2014-02-06,10.15,10.25,10.1,10.25,35000
2014-02-07,10.15,10.25,10.15,10.25,49531
2014-02-10,10.25,10.25,10.15,10.15,15000
2014-02-11,10.15,10.25,10.15,10.25,42721
2014-02-12,10.25,10.25,10.1,10.2,68000
2014-02-13,10.1,10.3,10.1,10.3,64000
2014-02-14,10.25,10.3,10.2,10.3,40000
2014-02-17,10.2,10.3,10.2,10.3,27000
2014-02-18,10.2,10.3,10.2,10.3,22000
2014-02-19,10.3,10.3,10.3,10.3,9000
2014-02-20,10.25,10.3,10.2,10.3,25000
2014-02-21,10.2,10.2,10.15,10.2,60001
2014-02-24,10.25,10.25,10.05,10.2,50043
2014-02-25,10.1,10.15,10.1,10.15,42495
2014-02-26,10.15,10.2,10.1,10.1,29404
2014-02-27,10.1,10.2,10.05,10.2,51900
2014-03-03,10.05,10.2,10.05,10.2,29000
2014-03-04,10.2,10.2,10.1,10.2,192000
2014-03-05,10.2,10.4,10.2,10.3,315435
2014-03-06,10.3,10.35,10.15,10.3,33705
2014-03-07,10.4,10.4,10.2,10.3,46575
2014-03-10,10.3,10.3,10.2,10.25,66000
2014-03-11,10.3,10.3,10.2,10.25,68000
2014-03-12,10.15,10.3,10.15,10.2,11360
2014-03-13,10.3,10.3,10.1,10.15,85000
2014-03-14,10.2,10.2,10.1,10.2,32180
2014-03-17,10.2,10.3,10.2,10.3,115800
2014-03-18,10.3,10.35,10.25,10.35,101090
2014-03-19,10.35,10.45,10.3,10.3,98357
2014-03-20,10.2,10.35,10.2,10.3,92000
2014-03-21,10.2,10.5,10.2,10.35,48000
2014-03-24,10.2,10.3,10.1,10.3,81000
2014-03-25,10.3,10.5,10.2,10.5,190000
2014-03-26,10.5,10.6,10.5,10.55,202630
2014-03-27,10.55,10.55,10.35,10.55,53235
2014-03-28,10.4,10.4,10.25,10.4,78616
2014-03-31,10.3,10.4,10.3,10.4,6000
2014-04-01,10.25,10.4,10.25,10.4,23001
2014-04-02,10.4,10.4,10.25,10.3,126000
2014-04-03,10.25,10.35,10.25,10.35,44923
2014-04-07,10.25,10.35,10.25,10.35,23145
2014-04-08,10.25,10.3,10.25,10.3,23000
2014-04-09,10.3,10.3,10.25,10.3,18080
2014-04-10,10.25,10.25,10.1,10.25,69010
2014-04-11,10.1,10.2,9.54,9.54,185820
2014-04-14,9.67,10.05,9.67,9.97,279389
2014-04-15,10.0,10.0,9.86,10.0,39001
2014-04-16,10.1,10.15,9.92,10.15,63366
2014-04-17,10.2,10.2,10.0,10.15,78123
2014-04-18,10.05,10.15,10.05,10.15,20000
2014-04-21,10.05,10.4,10.05,10.35,372315
2014-04-22,10.35,10.35,10.15,10.25,122680
2014-04-23,10.2,10.25,10.15,10.25,118226
2014-04-24,10.15,10.25,10.15,10.25,33000
2014-04-25,10.25,10.25,9.95,10.1,117001
2014-04-28,9.91,10.1,9.9,10.1,21000
2014-04-29,10.1,10.1,10.0,10.1,24000
2014-04-30,10.0,10.0,9.99,9.99,25001
2014-05-02,10.0,10.2,10.0,10.2,103095
2014-05-05,10.25,10.25,10.15,10.15,14123
2014-05-06,10.15,10.15,10.1,10.1,25748
2014-05-07,10.05,10.05,10.0,10.0,52000
2014-05-08,10.0,10.1,9.98,10.1,82003
2014-05-09,10.1,10.2,10.1,10.2,124000
2014-05-12,10.2,10.3,10.2,10.3,259000
2014-05-13,10.3,10.35,10.1,10.1,120000
2014-05-14,10.15,10.25,10.1,10.25,32000
2014-05-15,10.1,10.2,10.1,10.2,7000
2014-05-16,10.05,10.2,10.05,10.2,12000
2014-05-19,10.1,10.15,10.1,10.15,63000
2014-05-20,10.15,10.3,10.15,10.3,53000
2014-05-21,10.4,10.4,10.15,10.3,43270
2014-05-22,10.45,10.45,10.25,10.3,66181
2014-05-23,10.35,10.4,10.25,10.3,50178
2014-05-26,10.25,10.35,10.25,10.35,39275
2014-05-27,10.4,10.4,10.15,10.15,81828
2014-05-28,10.15,10.25,10.15,10.25,8360
2014-05-29,10.1,10.25,10.1,10.25,30612
2014-05-30,10.15,10.25,10.15,10.25,5181
2014-06-03,10.25,10.25,10.15,10.25,17590
2014-06-04,10.15,10.2,10.1,10.2,39000
2014-06-05,10.05,10.15,10.05,10.05,14000
2014-06-06,10.0,10.05,10.0,10.05,80308
2014-06-09,10.05,10.1,10.0,10.0,159181
2014-06-10,10.0,10.05,9.95,10.05,98504
2014-06-11,10.1,10.1,9.96,10.1,33000
2014-06-12,10.0,10.05,9.97,10.05,19091
2014-06-13,9.96,10.0,9.96,10.0,38362
2014-06-16,10.0,10.1,9.93,10.1,34173
2014-06-17,10.0,10.1,9.95,10.1,118259
2014-06-18,10.05,10.1,10.0,10.1,54000
2014-06-19,10.0,10.1,10.0,10.05,18038
2014-06-20,10.0,10.05,10.0,10.05,17043
2014-06-23,10.05,10.05,10.0,10.05,58000
2014-06-24,10.1,10.1,10.0,10.1,69270
2014-06-25,10.0,10.0,9.96,10.0,15091
2014-06-26,10.1,10.1,10.0,10.0,3000
2014-06-27,9.95,10.05,9.93,10.05,116000
2014-06-30,10.0,10.0,9.95,10.0,38306
2014-07-01,10.0,10.05,9.99,10.05,65180
2014-07-02,10.0,10.05,9.93,10.05,138900
2014-07-03,10.05,10.05,9.95,10.05,80000
2014-07-04,9.95,10.05,9.95,10.05,87180
2014-07-07,10.0,10.05,9.95,10.05,43000
2014-07-08,9.97,10.05,9.96,10.05,55090
2014-07-09,10.05,10.2,10.0,10.2,201000
2014-07-10,10.2,10.2,10.0,10.15,50000
2014-07-11,10.15,10.15,9.85,10.05,73000
2014-07-14,10.0,10.0,10.0,10.0,1043
2014-07-15,10.0,10.0,9.95,10.0,24500
2014-07-16,9.95,10.05,9.95,10.05,39644
2014-07-17,9.95,10.0,9.91,10.0,65003
2014-07-18,9.9,10.05,9.9,10.0,28182
2014-07-21,10.0,10.0,9.95,10.0,76370
2014-07-22,10.0,10.0,9.95,10.0,34018
2014-07-24,10.0,10.0,9.95,10.0,58000
2014-07-25,10.0,10.0,10.0,10.0,4000
2014-07-28,10.0,10.5,10.0,10.3,136000
2014-07-29,10.3,10.3,10.1,10.1,167000
2014-07-30,10.2,10.25,10.05,10.15,97180
2014-07-31,10.15,10.2,10.05,10.15,133095
2014-08-01,10.1,10.3,10.1,10.25,132013
2014-08-04,10.25,10.95,10.25,10.95,1307728
2014-08-05,11.45,11.45,10.9,11.0,1631534
2014-08-06,10.25,10.7,10.25,10.45,616493
2014-08-07,10.45,10.55,10.2,10.25,237000
2014-08-08,10.3,10.3,10.0,10.1,154001
2014-08-11,10.2,10.3,10.1,10.2,91000
2014-08-12,10.25,10.45,10.2,10.4,171270
2014-08-13,10.4,10.5,10.4,10.4,49450
2014-08-14,10.45,10.45,10.2,10.4,99134
2014-08-15,10.4,10.5,10.3,10.35,87000
2014-08-18,10.35,10.35,9.91,10.1,149000
2014-08-19,10.15,10.2,10.1,10.2,120000
2014-08-20,10.2,10.2,10.1,10.2,44002
2014-08-21,10.2,10.55,10.2,10.5,215604
2014-08-22,10.5,11.2,10.5,11.2,1963598
2014-08-25,11.6,11.95,11.4,11.95,1145330
2014-08-26,12.75,12.75,12.25,12.75,6790642
2014-08-27,12.75,12.75,11.9,12.5,4611864
2014-08-28,12.5,12.5,12.05,12.25,1656757
2014-08-29,12.0,13.1,12.0,12.3,7049384
2014-09-01,12.2,12.3,11.5,11.6,2584400
2014-09-02,11.8,11.8,11.45,11.6,909090
2014-09-03,11.75,11.95,11.65,11.9,1200298
2014-09-04,12.05,12.1,11.6,11.7,750000
2014-09-05,11.8,12.05,11.7,11.75,714000
2014-09-09,11.8,11.95,11.65,11.75,360976
2014-09-10,11.75,11.75,11.4,11.5,335001
2014-09-11,11.55,11.55,10.95,11.1,525120
2014-09-12,11.1,11.1,10.55,10.65,538375
2014-09-15,10.7,10.85,10.65,10.7,178000
2014-09-16,10.7,10.7,10.4,10.65,287000
2014-09-17,10.65,10.75,10.6,10.7,226181
2014-09-18,10.7,10.75,10.6,10.7,170449
2014-09-19,10.8,10.8,10.5,10.6,264271
2014-09-22,10.5,10.55,10.35,10.55,134360
2014-09-23,10.55,10.55,10.15,10.25,288300
2014-09-24,10.25,10.25,10.15,10.2,133000
2014-09-25,10.3,10.3,10.0,10.1,332000
2014-09-26,10.0,10.15,10.0,10.15,227000
2014-09-29,10.2,10.25,10.0,10.1,208001
2014-09-30,10.0,10.15,9.8,10.1,427524
2014-10-01,10.0,10.05,9.9,10.05,332000
2014-10-02,9.94,10.0,9.93,9.99,48046
2014-10-03,10.05,10.05,9.97,10.05,116087
2014-10-06,10.05,10.05,9.97,9.99,110087
2014-10-07,9.93,10.0,9.9,9.96,71000
2014-10-08,9.9,9.99,9.9,9.92,205000
2014-10-09,9.95,9.95,9.46,9.5,652792
2014-10-13,9.2,9.23,9.0,9.1,419179
2014-10-14,9.08,9.2,9.0,9.16,104000
2014-10-15,9.08,9.22,9.05,9.17,148000
2014-10-16,9.02,9.2,9.0,9.2,78000
2014-10-17,9.21,9.21,9.0,9.06,158000
2014-10-20,9.11,9.11,8.96,8.97,320170
2014-10-21,9.0,9.05,8.9,8.96,93000
2014-10-22,9.1,9.1,8.96,8.96,103001
2014-10-23,8.95,9.06,8.81,8.99,292031
2014-10-24,8.99,8.99,8.85,8.99,174000
2014-10-27,8.99,8.99,8.85,8.98,172067
2014-10-28,9.03,9.03,8.92,9.03,47180
2014-10-29,8.98,9.07,8.93,9.0,156417
2014-10-30,9.15,9.15,8.93,9.05,57000
2014-10-31,9.13,9.13,9.01,9.11,63000
2014-11-03,9.11,9.11,9.0,9.1,166001
2014-11-04,9.05,9.13,9.0,9.12,61050
2014-11-05,9.12,9.12,9.0,9.09,116000
2014-11-06,9.03,9.03,8.8,8.98,242100
2014-11-07,8.98,8.98,8.9,8.96,41000
2014-11-10,9.04,9.04,8.9,9.03,30890
2014-11-11,8.93,9.0,8.92,9.0,44040
2014-11-12,8.92,8.92,8.8,8.8,89071
2014-11-13,8.65,8.8,8.56,8.65,300900
2014-11-14,8.59,8.65,8.42,8.65,219000
2014-11-17,8.65,8.65,8.5,8.6,25308
2014-11-18,8.55,8.55,8.3,8.45,238531
2014-11-19,8.45,8.49,8.33,8.47,54031
2014-11-20,8.47,8.51,8.47,8.49,39000
2014-11-21,8.5,8.57,8.46,8.5,186599
2014-11-24,8.6,8.7,8.6,8.67,152270
2014-11-25,8.67,8.67,8.6,8.65,56000
2014-11-26,8.6,8.66,8.5,8.66,95180
2014-11-27,8.6,8.63,8.53,8.63,45180
2014-11-28,8.6,8.62,8.52,8.62,58000
2014-12-01,8.51,8.58,8.46,8.57,30000
2014-12-02,8.63,8.67,8.55,8.64,72500
2014-12-03,8.66,8.69,8.65,8.65,50150
2014-12-04,8.61,8.65,8.59,8.65,59474
2014-12-05,8.65,8.82,8.61,8.76,222000
2014-12-08,8.72,8.82,8.65,8.82,39030
2014-12-09,8.71,8.85,8.7,8.85,78395
2014-12-10,8.72,8.8,8.6,8.75,83000
2014-12-11,8.65,8.9,8.65,8.9,72999
2014-12-12,8.85,8.95,8.8,8.95,100009
2014-12-15,8.95,9.1,8.85,9.1,133043
2014-12-16,9.1,9.25,9.03,9.25,149000
2014-12-17,9.25,9.25,9.16,9.16,85197
2014-12-18,9.15,9.22,9.13,9.21,122310
2014-12-19,9.13,9.45,9.13,9.38,163537
2014-12-22,9.4,9.79,9.23,9.7,217023
2014-12-23,9.7,9.72,9.4,9.72,276010
2014-12-24,9.7,10.0,9.7,9.95,270030
2014-12-25,9.95,10.0,9.7,9.89,276000
2014-12-26,9.88,9.94,9.82,9.89,27000
2014-12-27,9.75,9.93,9.74,9.88,161001
2014-12-29,9.91,9.91,9.7,9.9,103020
2014-12-30,9.82,9.88,9.76,9.88,35000
2014-12-31,9.88,9.88,9.8,9.81,28090
2015-01-05,9.76,9.78,9.76,9.76,38738
2015-01-06,9.74,9.74,9.61,9.73,41450
2015-01-07,9.7,9.72,9.6,9.7,15000
2015-01-08,9.64,9.68,9.6,9.67,64720
2015-01-09,9.61,9.68,9.6,9.66,45000
2015-01-12,9.57,9.62,9.54,9.62,43000
2015-01-13,9.55,9.68,9.54,9.68,53000
2015-01-14,9.57,9.6,9.5,9.6,71000
2015-01-15,9.51,9.52,9.5,9.5,30000
2015-01-16,9.5,9.56,9.45,9.49,905410
2015-01-19,9.43,9.59,9.43,9.59,5000
2015-01-20,9.58,9.66,9.47,9.59,28180
2015-01-21,9.55,9.55,9.47,9.55,47000
2015-01-22,9.67,9.67,9.5,9.61,37000
2015-01-23,9.51,9.57,9.46,9.57,89000
2015-01-26,9.57,9.57,9.37,9.54,42000
2015-01-27,9.54,9.58,9.54,9.58,14872
2015-01-28,9.5,9.57,9.48,9.57,12000
2015-01-29,9.75,9.75,9.54,9.66,9000
2015-01-30,9.54,9.54,9.47,9.5,15000
2015-02-02,9.55,9.58,9.55,9.58,2000
2015-02-03,9.5,9.59,9.5,9.58,212453
2015-02-04,9.55,9.62,9.51,9.61,37000
2015-02-05,9.65,9.68,9.62,9.66,48000
2015-02-06,9.6,9.6,9.6,9.6,1000
2015-02-09,9.5,9.59,9.42,9.59,36000
2015-02-10,9.58,9.77,9.53,9.7,45999
2015-02-11,9.6,9.7,9.59,9.69,367001
2015-02-12,9.72,9.72,9.54,9.71,182090
2015-02-13,9.69,9.74,9.6,9.74,18168
2015-02-24,9.68,9.74,9.64,9.74,35270
2015-02-25,9.73,9.73,9.73,9.73,2090
2015-02-26,9.71,9.73,9.7,9.73,59000
2015-03-02,9.75,9.75,9.65,9.74,77557
2015-03-03,9.75,9.75,9.6,9.73,120479
2015-03-04,9.63,9.7,9.58,9.7,201000
2015-03-05,9.61,9.7,9.6,9.7,79090
2015-03-06,9.7,9.71,9.65,9.71,24500
2015-03-09,9.6,9.69,9.59,9.69,80177
2015-03-10,9.7,9.7,9.6,9.68,22000
2015-03-11,9.6,9.63,9.5,9.5,88500
2015-03-12,9.59,9.62,9.51,9.59,33180
2015-03-13,9.59,9.66,9.54,9.66,31202
2015-03-16,9.55,9.66,9.55,9.65,21000
2015-03-17,9.6,9.68,9.6,9.66,94910
2015-03-18,9.55,9.66,9.55,9.63,94063
2015-03-19,9.65,9.97,9.6,9.94,205101
2015-03-20,9.92,9.94,9.82,9.91,55090
2015-03-23,9.82,9.89,9.8,9.88,67023
2015-03-24,9.75,9.89,9.75,9.85,21000
2015-03-25,9.85,9.89,9.8,9.88,55009
2015-03-26,9.88,9.9,9.85,9.88,74000
2015-03-27,9.85,9.99,9.7,9.95,190550
2015-03-30,9.95,9.97,9.85,9.93,24000
2015-03-31,9.93,9.98,9.75,9.93,128000
2015-04-01,9.96,9.96,9.88,9.94,67001
2015-04-02,9.96,9.97,9.85,9.97,62595
2015-04-07,9.97,10.0,9.97,9.97,97450
2015-04-08,9.97,9.97,9.88,9.94,52005
2015-04-09,9.88,9.94,9.8,9.94,93000
2015-04-10,9.81,9.92,9.81,9.92,100000
2015-04-13,9.93,9.93,9.86,9.93,35270
2015-04-14,9.92,9.92,9.88,9.92,25350
2015-04-15,9.92,9.92,9.8,9.9,62580
2015-04-16,9.9,9.9,9.75,9.9,84000
2015-04-17,9.9,9.97,9.89,9.96,97192
2015-04-20,9.96,10.65,9.9,10.15,1474923
2015-04-21,10.2,10.25,9.8,9.97,496001
2015-04-22,9.95,9.95,9.76,9.88,214921
2015-04-23,9.9,9.9,9.8,9.89,112134
2015-04-24,9.93,10.0,9.91,9.98,62080
2015-04-27,9.95,10.25,9.95,9.99,53000
2015-04-28,10.0,10.1,9.95,10.1,42000
2015-04-29,10.1,10.1,9.95,10.0,73000
2015-04-30,10.1,10.25,10.0,10.05,82034
2015-05-04,10.2,10.25,10.0,10.05,75001
2015-05-05,10.0,10.0,9.87,10.0,50000
2015-05-06,9.85,10.0,9.85,10.0,34902
2015-05-07,9.95,10.0,9.92,10.0,112000
2015-05-08,9.93,9.94,9.9,9.94,6101
2015-05-11,9.94,9.94,9.63,9.91,80450
2015-05-12,9.9,9.9,9.68,9.68,112002
2015-05-13,9.68,9.85,9.68,9.85,113312
2015-05-14,9.78,9.93,9.77,9.92,9040
2015-05-15,9.8,9.9,9.78,9.78,35000
2015-05-18,9.61,9.77,9.61,9.74,102001
2015-05-19,9.66,9.92,9.66,9.7,49350
2015-05-20,9.7,9.79,9.64,9.79,66039
2015-05-21,9.71,9.83,9.7,9.83,61530
2015-05-22,9.71,9.8,9.7,9.79,115090
2015-05-25,9.75,9.79,9.63,9.66,17436
2015-05-26,9.66,9.8,9.66,9.8,31081
2015-05-27,9.66,9.8,9.66,9.79,53000
2015-05-28,9.67,9.9,9.67,9.9,28000
2015-05-29,9.75,9.75,9.6,9.69,91058
2015-06-01,9.56,9.69,9.5,9.65,25000
2015-06-02,9.65,9.65,9.45,9.59,47000
2015-06-03,9.41,9.59,9.22,9.39,147175
2015-06-04,9.36,9.36,8.71,9.0,120000
2015-06-05,9.0,9.0,8.7,8.99,90000
2015-06-08,8.75,8.9,8.46,8.9,96450
2015-06-09,8.85,8.88,8.1,8.4,90240
2015-06-10,8.41,8.52,8.24,8.46,20982
2015-06-11,8.5,8.5,8.31,8.48,13000
2015-06-12,8.5,8.54,8.42,8.54,56000
2015-06-15,8.78,8.78,8.42,8.74,12000
2015-06-16,8.73,8.74,8.73,8.73,4000
2015-06-17,8.73,8.73,8.5,8.69,38900
2015-06-18,8.51,8.82,8.51,8.55,65000
2015-06-22,8.52,8.87,8.52,8.69,32090
2015-06-23,8.69,8.76,8.6,8.76,7270
2015-06-24,8.69,8.74,8.69,8.74,5088
2015-06-25,8.7,8.76,8.61,8.61,28096
2015-06-26,8.73,9.08,8.63,8.81,92000
2015-06-29,9.45,9.45,8.81,9.18,158450
2015-06-30,9.2,9.96,9.1,9.95,443000
2015-07-01,9.93,9.93,9.65,9.78,60000
2015-07-02,9.79,9.79,9.61,9.74,25098
2015-07-03,9.56,9.7,9.53,9.7,24043
2015-07-06,9.66,9.89,9.63,9.63,24000
2015-07-07,9.75,9.75,9.59,9.73,15253
2015-07-08,9.61,9.73,9.31,9.56,75044
2015-07-09,9.37,9.53,9.22,9.53,10000
2015-07-13,9.28,9.78,9.28,9.78,61000
2015-07-14,9.78,9.78,9.51,9.59,78001
2015-07-15,9.5,9.53,9.34,9.53,10000
2015-07-16,9.53,9.6,9.37,9.6,15000
2015-07-17,9.65,9.72,9.53,9.65,44000
2015-07-20,9.67,9.67,9.65,9.65,15000
2015-07-21,9.5,9.6,9.46,9.58,25000
2015-07-22,9.39,9.59,9.39,9.59,72270
2015-07-23,9.58,9.95,9.41,9.41,120091
2015-07-24,9.56,9.56,9.32,9.56,18000
2015-07-27,9.56,9.66,9.01,9.45,43090
2015-07-28,9.42,9.42,9.09,9.23,27090
2015-07-29,9.23,9.38,9.23,9.38,21000
2015-07-30,9.18,9.19,9.12,9.19,29000
2015-07-31,9.1,9.24,9.05,9.14,18100
2015-08-03,8.9,8.99,8.62,8.62,7000
2015-08-04,8.62,8.97,8.62,8.9,42155
2015-08-05,8.97,8.97,8.74,8.95,25000
2015-08-06,8.95,8.95,8.81,8.95,22000
2015-08-07,8.94,8.94,8.82,8.94,8000
2015-08-10,8.82,9.23,8.67,9.23,28080
2015-08-11,9.2,9.2,8.86,9.18,50000
2015-08-12,9.18,9.18,8.96,9.18,15000
2015-08-13,9.01,9.12,8.88,9.06,181000
2015-08-14,8.83,9.04,8.82,9.0,28000
2015-08-17,9.0,9.1,9.0,9.0,15001
2015-08-18,8.85,8.95,8.75,8.88,30000
2015-08-19,8.74,8.74,8.02,8.58,143000
2015-08-20,8.29,8.58,8.29,8.52,62000
2015-08-21,8.5,8.86,8.11,8.59,35000
2015-08-24,8.6,8.6,7.74,8.33,121000
2015-08-25,7.5,7.94,7.5,7.86,197000
2015-08-26,7.98,7.99,7.65,7.8,79000
2015-08-27,7.68,7.84,7.68,7.8,74022
2015-08-28,7.82,8.05,7.78,8.05,36068
2015-08-31,8.01,8.01,7.81,7.84,33000
2015-09-01,7.63,7.88,7.63,7.88,33408
2015-09-02,7.67,7.85,7.67,7.85,36000
2015-09-03,7.7,7.96,7.7,7.96,57000
2015-09-04,7.8,8.15,7.8,8.13,20000
2015-09-07,7.88,8.13,7.88,8.11,13000
2015-09-08,8.07,8.1,7.91,8.08,46000
2015-09-09,7.96,8.09,7.96,8.09,43000
2015-09-10,8.09,8.09,7.92,8.0,30000
2015-09-11,7.98,8.25,7.98,8.01,57003
2015-09-14,8.01,8.07,7.96,8.05,60901
2015-09-15,7.97,8.04,7.92,8.04,36000
2015-09-16,8.0,8.0,7.9,7.95,43000
2015-09-17,7.99,8.0,7.92,7.99,57000
2015-09-18,8.05,8.05,8.04,8.04,11000
2015-09-21,7.9,8.07,7.7,8.07,22002
2015-09-22,8.29,8.3,8.03,8.21,30198
2015-09-23,8.06,8.14,7.97,8.14,36001
2015-09-24,8.05,8.05,7.86,7.96,71000
2015-09-25,7.96,7.96,7.79,7.93,26000
2015-09-30,7.9,7.99,7.4,7.99,62000
2015-10-02,7.77,7.92,7.77,7.92,35090
2015-10-05,7.85,7.85,7.75,7.82,106000
2015-10-06,7.83,7.83,7.68,7.75,123000
2015-10-07,7.75,7.77,7.65,7.75,47090
2015-10-08,7.74,7.84,7.74,7.84,14027
2015-10-12,7.92,8.05,7.92,7.94,69022
2015-10-13,8.01,8.2,8.01,8.17,119000
2015-10-14,8.08,8.12,8.08,8.1,62000
2015-10-15,8.1,8.11,8.0,8.11,36178
2015-10-16,8.1,8.13,8.01,8.13,28000
2015-10-19,8.18,8.18,8.05,8.16,26000
2015-10-20,8.05,8.15,8.05,8.15,23000
2015-10-21,8.01,8.13,7.99,8.05,25000
2015-10-22,8.0,8.09,8.0,8.09,33180
2015-10-23,8.0,8.46,8.0,8.39,294417
2015-10-26,8.4,8.51,8.3,8.3,54257
2015-10-27,8.3,8.32,8.17,8.32,79000
2015-10-28,8.16,8.35,8.16,8.35,36000
2015-10-29,8.2,8.34,8.2,8.34,11000
2015-10-30,8.2,8.28,8.11,8.25,113000
2015-11-02,8.14,8.27,8.14,8.27,13000
2015-11-03,8.46,8.46,8.2,8.33,87000
2015-11-04,8.39,8.4,8.23,8.29,37000
2015-11-05,8.22,8.35,8.21,8.35,17090
2015-11-06,8.42,8.42,8.14,8.29,23020
2015-11-09,8.18,8.24,8.17,8.24,74000
2015-11-10,8.11,8.27,8.1,8.27,13000
2015-11-12,8.09,8.18,8.03,8.18,21000
2015-11-13,8.18,8.18,8.18,8.18,8000
2015-11-16,8.07,8.19,8.07,8.18,38417
2015-11-17,8.09,8.09,8.01,8.05,51000
2015-11-18,8.0,8.09,7.98,8.09,23000
2015-11-19,8.02,8.05,7.93,8.04,17000
2015-11-20,7.95,7.99,7.93,7.99,29002
2015-11-24,8.08,8.08,7.91,7.98,11000
2015-11-25,8.0,8.0,7.87,7.95,16022
2015-11-26,7.81,7.94,7.81,7.94,22120
2015-11-27,7.89,7.99,7.89,7.99,15000
2015-11-30,7.98,7.98,7.98,7.98,2000
2015-12-01,7.97,7.97,7.86,7.95,27031
2015-12-02,7.96,7.96,7.81,7.92,39000
2015-12-03,7.97,7.97,7.95,7.95,5000
2015-12-04,7.81,7.9,7.81,7.88,45000
2015-12-07,7.98,7.98,7.8,7.96,40294
2015-12-08,8.0,8.05,7.99,8.04,554000
2015-12-09,8.12,8.12,7.93,8.11,101000
2015-12-10,8.09,8.11,8.01,8.09,62000
2015-12-11,8.54,8.54,8.03,8.2,191100
2015-12-14,8.02,8.2,8.02,8.2,16000
2015-12-15,8.38,8.39,8.34,8.34,47000
2015-12-16,8.14,8.34,8.09,8.29,95000
2015-12-17,8.2,8.26,8.2,8.26,40000
2015-12-18,8.21,8.51,8.21,8.4,75180
2015-12-21,8.48,8.96,8.48,8.8,413000
2015-12-22,9.48,9.5,9.1,9.27,203065
2015-12-23,9.36,9.87,9.31,9.77,238000
2015-12-24,9.75,9.75,9.43,9.45,200219
2015-12-25,9.5,9.73,9.5,9.59,281044
2015-12-28,9.12,9.31,8.89,9.3,147000
2015-12-29,9.23,9.8,9.21,9.8,560158
2015-12-30,10.0,10.2,9.82,9.97,85360
2015-12-31,9.95,10.05,9.86,9.98,66355
2016-01-04,9.83,9.83,9.27,9.54,33022
2016-01-05,9.31,9.49,9.31,9.49,26000
2016-01-06,9.4,9.44,9.3,9.39,43000
2016-01-07,9.3,9.35,9.03,9.35,107500
2016-01-08,9.14,9.53,9.14,9.35,74219
2016-01-11,9.2,9.2,8.9,9.08,187090
2016-01-12,8.92,9.15,8.92,9.15,28500
2016-01-13,9.13,9.17,9.13,9.17,11006
2016-01-14,9.06,9.16,9.02,9.15,20000
2016-01-15,9.15,9.15,9.04,9.09,63180
2016-01-18,8.91,9.3,8.91,9.26,30000
2016-01-19,9.26,9.26,9.06,9.25,29000
2016-01-20,9.25,9.25,9.0,9.14,86100
2016-01-21,8.92,9.1,8.92,9.07,11000
2016-01-22,9.07,9.16,9.07,9.15,13090
2016-01-25,9.24,9.24,9.24,9.24,1360
2016-01-26,9.13,9.19,9.0,9.19,24000
2016-01-27,9.0,9.21,9.0,9.21,20000
2016-01-28,9.14,9.24,9.02,9.2,24000
2016-01-29,9.14,9.14,9.14,9.14,1450
2016-01-30,9.1,9.19,9.1,9.11,20000
2016-02-01,9.28,9.28,9.06,9.1,26000
2016-02-02,9.18,9.18,9.18,9.18,1000
2016-02-03,9.1,9.1,9.1,9.1,16000
2016-02-15,9.1,9.39,9.07,9.3,65000
2016-02-16,9.33,9.33,9.19,9.19,20117
2016-02-17,9.19,9.19,9.18,9.19,12000
2016-02-18,9.3,9.3,9.11,9.23,16131
2016-02-19,9.1,9.22,9.08,9.22,6000
2016-02-22,9.1,9.19,9.1,9.19,50000
2016-02-23,9.19,9.81,9.19,9.74,204000
2016-02-24,9.99,9.99,9.45,9.69,139014
2016-02-25,9.47,9.54,9.4,9.45,91117
2016-02-26,9.55,9.55,9.51,9.51,41090
2016-03-01,9.51,9.6,9.43,9.43,309000
2016-03-02,9.35,9.43,9.35,9.42,141261
2016-03-03,9.63,9.71,9.6,9.62,157180
2016-03-04,9.75,9.82,9.65,9.77,101000
2016-03-07,9.77,9.85,9.6,9.73,181001
2016-03-08,9.8,9.8,9.6,9.73,109000
2016-03-09,9.62,9.62,9.42,9.53,31000
2016-03-10,9.55,9.59,9.45,9.51,36000
2016-03-11,9.4,9.5,9.4,9.5,44000
2016-03-14,9.6,9.6,9.5,9.56,45001
2016-03-15,9.43,9.43,9.2,9.27,147180
2016-03-16,9.27,9.52,9.27,9.48,41000
2016-03-17,9.48,9.48,9.33,9.47,38627
2016-03-18,9.9,9.9,9.5,9.5,39000
2016-03-21,9.4,9.49,9.35,9.49,16000
2016-03-22,9.59,9.8,9.59,9.59,48134
2016-03-23,9.55,9.6,9.48,9.59,23118
2016-03-24,9.6,9.6,9.25,9.54,39000
2016-03-25,9.54,9.54,9.35,9.53,88257
2016-03-28,9.53,9.56,9.35,9.54,60000
2016-03-29,9.54,9.54,9.31,9.45,58350
2016-03-30,9.4,9.5,9.4,9.48,83000
2016-03-31,9.4,9.49,9.4,9.49,13000
2016-04-01,9.6,9.6,9.33,9.54,13003
2016-04-06,9.5,9.59,9.35,9.59,15000
2016-04-07,9.35,9.49,9.2,9.49,135000
2016-04-08,9.3,9.39,9.3,9.39,12002
2016-04-11,9.41,9.48,9.4,9.48,18090
2016-04-12,9.58,9.58,9.38,9.38,90000
2016-04-13,9.48,9.48,9.38,9.45,32180
2016-04-14,9.58,9.64,9.48,9.48,158353
2016-04-15,9.48,9.52,9.46,9.52,26245
2016-04-18,9.5,9.52,9.5,9.52,29730
2016-04-19,9.55,9.56,9.51,9.55,124395
2016-04-20,9.45,9.6,9.45,9.57,26000
2016-04-21,9.43,9.58,9.43,9.58,6000
2016-04-22,9.5,9.58,9.43,9.57,69000
2016-04-25,9.43,9.52,9.43,9.52,28000
2016-04-26,9.45,9.53,9.43,9.53,55000
2016-04-27,9.48,9.57,9.48,9.57,24000
2016-04-28,9.52,9.52,9.42,9.51,86001
2016-04-29,9.4,9.4,9.35,9.35,49000
2016-05-03,9.35,9.35,9.35,9.35,34000
2016-05-04,9.33,9.34,9.3,9.31,99000
2016-05-05,9.27,9.27,9.03,9.25,55000
2016-05-06,9.09,9.38,9.09,9.38,17100
2016-05-09,9.15,9.15,9.1,9.14,49000
2016-05-10,9.1,9.24,9.1,9.24,25000
2016-05-11,9.15,9.24,9.1,9.1,339128
2016-05-12,9.23,9.23,9.07,9.13,105123
2016-05-13,9.0,9.17,9.0,9.17,51000
2016-05-17,9.05,9.29,9.05,9.29,32000
2016-05-18,9.15,9.15,9.14,9.14,10010
2016-05-19,9.1,9.15,9.06,9.15,45000
2016-05-20,9.15,9.15,9.15,9.15,8000
2016-05-23,9.06,9.14,9.06,9.14,27333
2016-05-24,9.1,9.15,9.1,9.15,11990
2016-05-25,9.1,9.15,9.1,9.15,19000
2016-05-26,9.07,9.13,9.07,9.13,15180
2016-05-27,9.1,9.12,9.0,9.1,26000
2016-05-30,9.13,9.15,9.13,9.15,13770
2016-05-31,9.14,9.14,9.13,9.13,10000
2016-06-01,9.06,9.13,9.06,9.13,15471
2016-06-02,9.14,9.16,9.14,9.15,40000
2016-06-03,9.14,9.14,9.14,9.14,10117
2016-06-04,9.06,9.11,9.05,9.11,30000
2016-06-06,9.13,9.13,9.1,9.1,19000
2016-06-07,9.12,9.12,9.11,9.12,12000
2016-06-08,9.1,9.1,9.03,9.1,31000
2016-06-13,9.03,9.03,8.42,8.99,47800
2016-06-14,8.86,9.0,8.83,9.0,29450
2016-06-15,8.83,9.01,8.83,8.99,36000
2016-06-16,8.9,8.98,8.9,8.98,8000
2016-06-17,8.92,9.02,8.92,9.02,5500
2016-06-20,9.02,9.02,8.91,9.0,19000
2016-06-21,8.85,9.03,8.85,9.01,11090
2016-06-22,9.01,9.03,8.87,9.0,36000
2016-06-23,9.0,9.12,9.0,9.12,2500
2016-06-24,8.87,9.09,8.87,9.09,8000
2016-06-27,9.08,9.08,8.78,9.08,23246
2016-06-28,9.06,9.06,8.86,9.04,12090
2016-06-29,9.04,9.08,9.01,9.08,24615
2016-06-30,9.02,9.09,9.0,9.09,51000
2016-07-01,9.09,9.09,9.02,9.08,13480
2016-07-04,9.04,9.09,9.03,9.09,54244
2016-07-05,9.0,9.37,9.0,9.15,23000
2016-07-06,9.12,9.12,9.0,9.09,43000
2016-07-07,9.09,9.1,9.0,9.1,23354
2016-07-11,9.1,9.1,9.0,9.08,24000
2016-07-12,9.08,9.1,9.0,9.1,90007
2016-07-13,9.13,9.13,9.13,9.13,13711
2016-07-14,9.1,9.2,9.1,9.13,89058
2016-07-15,9.13,9.13,9.04,9.12,46577
2016-07-18,9.12,9.23,9.12,9.23,17000
2016-07-19,9.17,9.21,9.17,9.21,27450
2016-07-20,9.17,9.17,9.07,9.17,30090
2016-07-21,9.17,9.17,9.06,9.14,22000
2016-07-22,9.06,9.12,9.02,9.11,65000
2016-07-25,9.11,9.13,9.11,9.13,11000
2016-07-26,9.13,9.13,9.13,9.13,11000
2016-07-27,9.13,9.13,8.91,9.11,89342
2016-07-28,9.07,9.07,8.95,9.0,48000
2016-07-29,9.0,9.09,9.0,9.09,7000
2016-08-01,8.95,9.07,8.93,9.07,33180
2016-08-02,8.94,8.95,8.94,8.95,15000
2016-08-03,9.0,9.0,8.95,8.98,106087
2016-08-04,8.94,9.0,8.94,9.0,123312
2016-08-05,9.0,9.08,8.96,9.06,18000
2016-08-08,8.97,9.05,8.97,9.05,2180
2016-08-09,9.05,9.14,9.05,9.14,15000
2016-08-10,9.1,9.1,8.96,9.04,32000
2016-08-11,9.09,9.09,9.09,9.09,1000
2016-08-12,9.05,9.08,9.05,9.06,53180
2016-08-15,9.05,9.05,9.0,9.04,78121
2016-08-16,9.04,9.1,9.04,9.09,19000
2016-08-17,9.05,9.17,9.05,9.16,30559
2016-08-18,9.16,9.31,9.16,9.24,138000
2016-08-19,9.27,9.27,9.06,9.19,57854
2016-08-22,9.19,9.19,9.04,9.12,35000
2016-08-23,8.97,9.19,8.97,9.19,22000
2016-08-24,9.18,9.18,9.14,9.14,20000
2016-08-25,9.1,9.1,9.0,9.08,47000
2016-08-26,8.99,9.06,8.94,9.05,72000
2016-08-29,9.05,9.05,9.05,9.05,11183
2016-08-30,8.98,8.98,8.98,8.98,1000
2016-08-31,9.14,9.14,9.14,9.14,9043
2016-09-01,9.0,9.1,9.0,9.09,107000
2016-09-02,8.96,9.09,8.96,9.09,67270
2016-09-06,8.94,9.18,8.93,8.99,71000
2016-09-07,8.96,9.1,8.86,9.05,57000
2016-09-08,9.0,9.0,8.89,9.0,19000
2016-09-09,9.0,9.0,8.95,8.95,33000
2016-09-10,8.95,9.1,8.94,9.1,15000
2016-09-12,8.96,9.09,8.96,9.09,34000
2016-09-13,9.09,9.09,9.07,9.07,7000
2016-09-19,9.0,9.03,8.9,9.03,24090
2016-09-20,9.02,9.02,9.01,9.02,14000
2016-09-21,9.12,9.13,8.95,9.0,27000
2016-09-22,9.0,9.0,8.86,9.0,26016
2016-09-23,9.0,9.0,8.96,9.0,22000
2016-09-26,9.08,9.08,9.08,9.08,9000
2016-09-29,9.1,9.1,9.01,9.09,7180
2016-09-30,8.96,9.08,8.96,9.08,10945
2016-10-03,9.01,9.1,9.0,9.1,22000
2016-10-04,9.0,9.07,9.0,9.07,16000
2016-10-05,9.0,9.15,9.0,9.15,10499
2016-10-07,9.01,9.01,9.01,9.01,2001
2016-10-11,9.01,9.03,9.01,9.01,4000
2016-10-12,9.0,9.08,8.99,9.08,13000
2016-10-13,9.0,9.08,8.93,9.0,17436
2016-10-14,9.03,9.03,9.03,9.03,1000
2016-10-17,8.91,9.06,8.9,9.06,7177
2016-10-18,9.0,9.0,8.98,8.98,5000
2016-10-19,9.02,9.02,9.02,9.02,1179
2016-10-20,9.08,9.1,8.86,8.9,63000
2016-10-21,8.88,9.01,8.88,8.9,25090
2016-10-24,9.0,9.0,8.95,8.99,61022
2016-10-25,9.0,9.0,8.92,8.99,8134
2016-10-26,9.0,9.19,9.0,9.16,149165
2016-10-27,9.19,9.19,9.02,9.14,28000
2016-10-28,9.02,9.12,9.02,9.12,8000
2016-10-31,9.12,9.12,9.02,9.02,9360
2016-11-01,9.0,9.1,8.93,9.1,74497
2016-11-02,9.1,9.1,9.0,9.09,43000
2016-11-03,9.0,9.14,8.96,9.14,51000
2016-11-04,9.06,9.09,9.05,9.09,6002
2016-11-07,9.08,9.39,9.08,9.1,159090
2016-11-08,9.1,9.1,8.73,9.08,16180
2016-11-09,9.1,9.17,8.53,8.61,106000
2016-11-10,8.71,9.18,8.71,9.13,102090
2016-11-11,9.1,9.35,9.1,9.3,190633
2016-11-14,9.31,9.31,9.12,9.23,50000
2016-11-15,9.2,9.6,9.2,9.4,238213
2016-11-16,9.58,9.58,9.26,9.4,133809
2016-11-17,9.4,9.48,9.27,9.37,26000
2016-11-18,9.47,9.47,9.29,9.38,50004
2016-11-21,9.5,9.51,9.19,9.38,77000
2016-11-22,9.27,9.37,9.27,9.37,77208
2016-11-23,9.4,9.48,9.34,9.38,158210
2016-11-24,9.38,9.42,9.31,9.37,105000
2016-11-25,9.37,9.4,9.37,9.39,97174
2016-11-28,9.4,9.7,9.4,9.54,103134
2016-11-29,9.54,9.58,9.5,9.55,120000
2016-11-30,9.68,9.68,9.52,9.61,85268
2016-12-01,9.62,9.63,9.52,9.6,52000
2016-12-02,9.65,9.65,9.58,9.58,157058
2016-12-05,9.57,9.58,9.38,9.42,132500
2016-12-06,9.4,9.59,9.4,9.48,32477
2016-12-07,9.59,9.59,9.41,9.41,11090
2016-12-08,9.42,9.45,9.36,9.45,56000
2016-12-09,9.38,9.41,9.36,9.4,70130
2016-12-12,9.32,9.4,9.32,9.4,109368
2016-12-13,9.41,9.44,9.4,9.44,12218
2016-12-14,9.5,9.5,9.33,9.47,28544
2016-12-15,9.4,9.4,9.33,9.4,9000
2016-12-16,9.37,9.47,9.26,9.47,21320
2016-12-19,9.49,9.49,9.39,9.39,11000
2016-12-20,9.4,9.4,9.32,9.39,81545
2016-12-21,9.32,9.39,9.32,9.38,29000
2016-12-22,9.38,9.4,9.27,9.27,27000
2016-12-23,9.25,9.25,9.22,9.24,39218
2016-12-26,9.22,9.22,9.22,9.22,16000
2016-12-27,9.19,9.2,9.19,9.2,9090
2016-12-28,9.25,9.25,9.18,9.19,34000
2016-12-29,9.14,9.16,9.13,9.13,75000
2016-12-30,9.16,9.16,9.01,9.02,166268
2017-01-03,9.05,9.06,9.02,9.06,36000
2017-01-04,9.06,9.11,9.04,9.11,7360
2017-01-05,9.02,9.2,9.02,9.17,13004
2017-01-06,9.15,9.15,9.02,9.1,197000
2017-01-09,9.15,9.15,9.15,9.15,5001
2017-01-10,9.15,9.15,9.06,9.14,18000
2017-01-11,9.16,9.16,9.06,9.06,20000
2017-01-12,9.03,9.08,9.03,9.06,17270
2017-01-13,9.06,9.1,9.04,9.1,18436
2017-01-16,9.1,9.1,9.05,9.1,4000
2017-01-17,9.03,9.1,9.01,9.04,38180
2017-01-18,9.0,9.09,9.0,9.09,17000
2017-01-19,9.01,9.09,8.96,9.09,101350
2017-01-20,9.0,9.0,8.91,8.98,74270
2017-01-23,8.92,9.0,8.89,8.99,65000
2017-01-24,8.99,9.07,8.99,9.07,71430
2017-02-02,9.05,9.17,9.03,9.1,55000
2017-02-03,9.17,9.25,9.1,9.15,204000
2017-02-06,9.15,9.25,9.12,9.17,88000
2017-02-07,9.17,9.2,9.09,9.18,35000
2017-02-08,9.18,9.43,9.16,9.34,89000
2017-02-09,9.18,9.23,9.1,9.23,64270
2017-02-10,9.23,9.26,9.2,9.23,60285
2017-02-13,9.26,9.29,9.18,9.29,53000
2017-02-14,9.4,9.4,9.29,9.3,173100
2017-02-15,9.3,9.39,9.26,9.38,251100
2017-02-16,9.45,9.6,9.3,9.4,92535
2017-02-17,9.32,9.32,9.22,9.24,75201
2017-02-18,9.29,9.36,9.25,9.33,176503
2017-02-20,9.33,9.34,9.3,9.34,120668
2017-02-21,9.27,9.3,9.22,9.28,62207
2017-02-22,9.35,9.39,9.29,9.35,86000
2017-02-23,9.4,9.55,9.35,9.35,120134
2017-02-24,9.32,9.35,9.27,9.33,65000
2017-03-01,9.27,9.86,9.27,9.54,208180
2017-03-02,9.54,9.7,9.42,9.48,99360
2017-03-03,9.48,9.48,9.41,9.46,64190
2017-03-06,9.46,9.85,9.44,9.85,269000
2017-03-07,9.92,10.0,9.65,9.75,282265
2017-03-08,9.75,9.75,9.6,9.68,136000
2017-03-09,9.7,9.7,9.52,9.59,110353
2017-03-10,9.55,9.55,9.31,9.49,104090
2017-03-13,9.38,9.67,9.38,9.6,71000
2017-03-14,9.58,9.58,9.28,9.33,168000
2017-03-15,9.36,9.6,9.34,9.39,91000
2017-03-16,9.35,9.44,9.34,9.43,29450
2017-03-17,9.37,9.5,9.37,9.47,54000
2017-03-20,9.5,9.5,9.47,9.48,95090
2017-03-21,9.47,9.47,9.27,9.45,138000
2017-03-22,9.22,9.42,9.22,9.35,89090
2017-03-23,9.35,9.4,9.33,9.4,42000
2017-03-24,9.4,9.44,9.32,9.38,86000
2017-03-27,9.38,9.38,9.31,9.37,45500
2017-03-28,9.35,9.4,9.2,9.34,100002
2017-03-29,9.32,9.38,9.32,9.38,4000
2017-03-30,9.38,9.38,9.27,9.38,15001
2017-03-31,9.38,9.4,9.37,9.39,79001
2017-04-05,9.4,9.41,9.39,9.39,63179
2017-04-06,9.33,9.39,9.31,9.37,20000
2017-04-07,9.44,9.44,9.28,9.39,47840
2017-04-10,9.42,9.43,9.4,9.4,25000
2017-04-11,9.4,9.4,9.31,9.31,34365
2017-04-12,9.21,9.29,9.14,9.29,60000
2017-04-13,9.3,9.3,9.3,9.3,1021
2017-04-14,9.14,9.23,9.14,9.23,16000
2017-04-17,9.23,9.23,9.09,9.2,30000
2017-04-18,9.18,9.37,9.1,9.37,19000
2017-04-19,9.21,9.3,9.2,9.3,31010
2017-04-20,9.15,9.22,9.11,9.22,67010
2017-04-21,9.22,9.24,9.16,9.23,55000
2017-04-24,9.22,9.22,9.22,9.22,1000
2017-04-25,9.23,9.23,9.1,9.22,17159
2017-04-26,9.13,9.33,9.13,9.32,11003
2017-04-27,9.32,9.32,9.15,9.3,18000
2017-04-28,9.16,9.37,9.13,9.37,26180
2017-05-02,9.36,9.36,9.3,9.36,11700
2017-05-03,9.28,9.28,9.16,9.22,26495
2017-05-04,9.15,9.19,9.13,9.18,52000
2017-05-05,9.2,9.21,9.19,9.21,12000
2017-05-08,9.2,9.23,9.07,9.23,92401
2017-05-09,9.15,9.24,8.93,8.93,109000
2017-05-10,8.9,9.09,8.9,9.09,26000
2017-05-11,8.95,9.09,8.95,9.09,3044
2017-05-12,9.09,9.17,9.09,9.17,8600
2017-05-15,9.0,9.24,9.0,9.24,9000
2017-05-16,9.22,9.22,9.22,9.22,1270
2017-05-18,8.9,9.39,8.9,9.39,10000
2017-05-19,9.39,9.39,9.1,9.36,41000
2017-05-22,9.38,9.38,9.3,9.36,39010
2017-05-23,9.3,9.38,9.3,9.38,7450
2017-05-24,9.2,9.38,9.2,9.37,97000
2017-05-25,9.37,9.37,9.1,9.26,80087
2017-05-26,9.32,9.32,9.32,9.32,6020
2017-05-31,9.11,9.25,9.0,9.18,35000
2017-06-01,9.06,9.7,9.03,9.32,305271
2017-06-02,9.16,9.25,9.16,9.25,42133
2017-06-03,9.25,9.25,9.16,9.23,27218
2017-06-05,9.13,9.24,9.13,9.24,17000
2017-06-06,9.19,9.23,9.18,9.23,20177
2017-06-07,9.25,9.25,9.25,9.25,2500
2017-06-08,9.11,9.23,9.11,9.23,4090
2017-06-09,9.37,9.37,9.1,9.11,31001
2017-06-12,9.1,9.2,9.1,9.19,9000
2017-06-13,9.19,9.19,9.19,9.19,2100
2017-06-14,9.12,9.18,9.05,9.18,27000
2017-06-15,9.2,9.2,9.2,9.2,2000
2017-06-16,9.2,9.2,9.2,9.2,2000
2017-06-19,9.15,9.15,9.06,9.14,30000
2017-06-20,9.1,9.12,9.1,9.12,9000
2017-06-21,9.03,9.25,9.0,9.25,77044
2017-06-22,9.08,9.23,9.08,9.23,25361
2017-06-23,9.1,9.21,9.1,9.21,12270
2017-06-26,9.2,9.25,9.14,9.25,17000
2017-06-27,9.12,9.22,9.1,9.22,42075
2017-06-28,9.2,9.25,9.1,9.2,28000
2017-06-29,9.2,9.2,9.12,9.2,40180
2017-06-30,9.18,9.27,9.13,9.27,56625
2017-07-03,9.4,9.4,9.28,9.39,9130
2017-07-04,9.39,9.4,9.29,9.3,38000
2017-07-05,9.25,9.38,9.25,9.38,75668
2017-07-06,9.25,9.37,9.21,9.37,44000
2017-07-07,9.3,9.35,9.25,9.3,58994
2017-07-10,9.3,9.35,9.3,9.32,132100
2017-07-11,9.38,9.38,9.38,9.38,1043
2017-07-12,9.37,9.37,9.37,9.37,25000
2017-07-13,9.3,9.37,9.22,9.37,8769
2017-07-14,9.3,9.36,9.23,9.36,53028
2017-07-17,9.24,9.24,9.2,9.23,33392
2017-07-18,9.25,9.25,9.0,9.23,88000
2017-07-19,9.1,9.15,9.1,9.15,115180
2017-07-20,9.15,9.15,9.09,9.1,16000
2017-07-21,9.1,9.18,9.1,9.18,6000
2017-07-25,9.06,9.12,8.91,9.09,28000
2017-07-26,9.03,9.03,9.01,9.01,28495
2017-07-27,9.01,9.09,8.97,9.09,29000
2017-07-28,8.96,9.07,8.96,9.07,4000
2017-07-31,9.09,9.09,9.09,9.09,1000
2017-08-01,9.1,9.2,9.1,9.18,60000
2017-08-02,9.2,9.2,9.08,9.17,22087
2017-08-03,9.12,9.18,9.08,9.15,51000
2017-08-04,9.15,9.15,9.15,9.15,7001
2017-08-07,9.15,9.15,9.07,9.14,118494
2017-08-08,9.1,9.15,9.0,9.1,137090
2017-08-09,9.02,9.02,8.97,8.99,74000
2017-08-10,8.9,9.0,8.88,9.0,44000
2017-08-11,8.9,8.96,8.82,8.94,27000
2017-08-14,8.93,8.93,8.58,8.79,113902
2017-08-15,9.13,9.13,8.8,8.95,20000
2017-08-16,8.93,8.94,8.85,8.93,18720
2017-08-17,8.93,8.97,8.9,8.96,23000
2017-08-18,8.96,8.96,8.83,8.94,13009
2017-08-21,8.94,9.0,8.94,8.99,34000
2017-08-22,9.0,9.24,9.0,9.1,185163
2017-08-23,9.19,9.19,9.06,9.15,56000
2017-08-24,9.1,9.11,9.03,9.11,80174
2017-08-25,9.13,9.13,9.07,9.13,41090
2017-08-28,9.1,9.1,9.07,9.07,97090
2017-08-29,9.03,9.04,9.01,9.01,120000
2017-08-30,9.0,9.04,9.0,9.04,30000
2017-08-31,9.04,9.09,9.0,9.09,1174071
2017-09-01,9.0,9.12,9.0,9.09,72620
2017-09-04,9.09,9.14,9.09,9.14,251000
2017-09-05,9.13,9.19,9.12,9.17,705500
2017-09-06,9.18,9.18,9.13,9.18,67361
2017-09-07,9.18,9.22,9.16,9.2,50097
2017-09-08,9.21,9.23,9.19,9.19,19000
2017-09-11,9.19,9.19,9.05,9.07,32001
2017-09-12,9.25,9.25,9.1,9.2,31100
2017-09-13,9.24,9.25,9.23,9.25,23828
2017-09-14,9.23,9.43,9.23,9.3,51000
2017-09-15,9.42,9.42,9.22,9.3,24000
2017-09-18,9.3,9.41,9.29,9.4,81000
2017-09-19,9.4,9.4,9.26,9.39,76180
2017-09-20,9.26,9.39,9.26,9.39,11000
2017-09-21,9.36,9.39,9.36,9.39,11000
2017-09-22,9.39,9.39,9.28,9.28,7090
2017-09-25,9.0,9.02,9.0,9.02,4000
2017-09-26,9.01,9.02,9.0,9.02,11000
2017-09-27,9.01,9.14,9.01,9.14,25436
2017-09-28,9.13,9.13,9.0,9.13,7518
2017-09-29,9.44,9.44,9.44,9.44,1015
2017-09-30,9.3,9.3,9.13,9.29,87000
2017-10-02,9.28,9.28,9.26,9.26,3000
2017-10-05,9.2,9.2,9.13,9.17,20000
2017-10-06,9.18,9.2,9.06,9.18,25000
2017-10-11,9.2,9.2,9.07,9.2,14000
2017-10-12,9.2,9.2,9.2,9.2,1180
2017-10-13,9.15,9.15,9.1,9.1,24000
2017-10-16,9.1,9.11,9.02,9.1,26000
2017-10-17,9.03,9.1,9.02,9.05,34614
2017-10-18,9.02,9.08,9.0,9.08,24000
2017-10-19,9.01,9.09,9.01,9.09,49180
2017-10-20,9.04,9.08,9.01,9.08,21000
2017-10-23,9.08,9.1,9.08,9.1,24770
2017-10-24,9.08,9.1,9.0,9.09,87000
2017-10-25,9.09,9.09,9.08,9.08,29001
2017-10-26,9.02,9.08,9.02,9.08,6180
2017-10-27,9.04,9.09,9.03,9.09,8000
2017-10-30,9.06,9.09,9.01,9.07,38631
2017-10-31,9.01,9.06,9.0,9.06,25000
2017-11-01,9.09,9.09,9.02,9.09,12090
2017-11-02,9.09,9.24,9.09,9.19,100999
2017-11-03,9.2,9.2,9.04,9.15,24034
2017-11-06,9.15,9.18,9.1,9.13,62000
2017-11-07,9.1,9.39,9.01,9.13,55000
2017-11-08,9.19,9.19,9.05,9.13,12000
2017-11-09,9.19,9.19,9.06,9.12,10270
2017-11-10,9.16,9.16,9.05,9.12,9090
2017-11-13,9.22,9.22,9.04,9.12,23000
2017-11-14,9.04,9.1,9.04,9.1,7088
2017-11-15,9.05,9.1,9.05,9.1,12000
2017-11-16,9.1,9.1,9.0,9.05,104000
2017-11-17,8.97,9.08,8.96,9.08,25009
2017-11-20,8.98,9.11,8.98,9.1,21043
2017-11-21,9.09,9.09,8.99,9.08,26058
2017-11-22,9.09,9.09,9.0,9.08,41000
2017-11-23,9.1,9.1,9.1,9.1,1000
2017-11-24,9.0,9.1,9.0,9.1,11002
2017-11-27,9.02,9.1,8.92,9.09,71002
2017-11-28,9.0,9.08,8.99,9.07,70022
2017-11-29,9.02,9.16,9.02,9.16,90048
2017-11-30,9.1,9.15,9.1,9.15,68100
2017-12-01,9.19,9.19,9.19,9.19,1000
2017-12-04,9.19,9.26,8.85,9.13,234000
2017-12-05,9.13,9.13,9.13,9.13,1000
2017-12-06,9.0,9.16,9.0,9.16,7000
2017-12-07,9.04,9.11,9.04,9.11,4000
2017-12-08,9.13,9.13,9.13,9.13,2000
2017-12-11,9.13,9.13,9.03,9.12,38000
2017-12-12,9.12,9.12,9.05,9.07,21000
2017-12-13,9.04,9.08,9.04,9.08,16270
2017-12-14,9.02,9.08,9.02,9.07,29000
2017-12-15,9.03,9.09,9.03,9.09,5000
2017-12-18,9.09,9.09,9.02,9.09,6180
2017-12-19,9.08,9.08,8.99,8.99,18000
2017-12-20,8.96,9.04,8.96,9.04,9720
2017-12-21,9.04,9.08,9.04,9.08,2000
2017-12-22,9.13,9.13,8.96,9.1,16436
2017-12-25,9.02,9.1,9.02,9.1,11000
2017-12-26,9.1,9.1,9.05,9.1,9091
2017-12-27,9.2,9.2,9.01,9.17,40905
2017-12-28,9.17,9.17,9.11,9.17,11000
2017-12-29,9.17,9.17,9.11,9.15,55768
2018-01-02,9.25,9.28,9.17,9.23,157000
2018-01-03,9.25,9.39,9.25,9.29,48474
2018-01-04,9.3,9.3,9.21,9.26,91095
2018-01-05,9.28,9.38,9.27,9.38,138180
2018-01-08,9.43,10.3,9.43,10.3,1177442
2018-01-09,11.3,11.3,11.3,11.3,621799
2018-01-10,12.4,12.4,12.05,12.4,3950326
2018-01-11,13.4,13.6,13.0,13.6,3662371
2018-01-12,14.95,14.95,13.8,13.9,9346664
2018-01-15,13.1,13.4,12.6,13.15,3917313
2018-01-16,13.15,13.15,12.6,12.85,1050280
2018-01-17,13.0,13.65,12.9,13.1,1790910
2018-01-18,13.2,13.45,12.9,13.0,1080000
2018-01-19,13.1,13.4,12.95,13.0,1018732
2018-01-22,13.15,13.15,12.05,12.3,1055450
2018-01-23,12.3,12.3,12.05,12.1,535181
2018-01-24,12.2,12.5,12.2,12.4,439299
2018-01-25,12.45,12.75,12.2,12.2,656775
2018-01-26,12.35,12.35,12.0,12.1,456150
2018-01-29,12.15,12.2,11.75,12.2,455790
2018-01-30,11.9,12.0,11.6,11.65,779001
2018-01-31,11.4,12.8,11.4,12.8,2417129
2018-02-01,12.85,13.05,12.3,12.35,2110419
2018-02-02,12.2,13.55,12.2,13.55,3324079
2018-02-05,13.0,14.9,12.7,14.9,4972161
2018-02-06,15.3,16.35,15.3,16.35,15722443
2018-02-07,17.0,17.95,16.7,17.95,10169002
2018-02-08,18.6,19.45,16.2,16.75,21590184
2018-02-09,15.85,17.4,15.45,16.6,11189790
2018-02-12,17.3,18.25,16.5,18.25,10454450
2018-02-21,16.6,18.1,16.45,17.7,3035450
2018-02-22,17.85,17.85,16.9,17.85,983800
2018-02-23,18.6,19.6,17.9,17.9,2494877
2018-02-26,17.9,18.5,17.8,18.05,1074543
2018-02-27,18.5,18.5,17.7,18.25,732310
2018-03-01,17.75,19.2,17.75,19.15,706000
2018-03-02,19.15,19.2,18.5,18.5,776566
2018-03-05,18.5,18.75,17.3,17.5,1269471
2018-03-06,17.7,18.0,17.3,17.9,722100
2018-03-07,17.9,17.95,17.5,17.5,658500
2018-03-08,17.65,18.35,15.75,15.85,5640635
2018-03-09,15.75,16.0,15.05,15.05,2729180
2018-03-12,15.4,16.55,15.05,16.55,3380901
2018-03-13,17.1,17.5,16.0,16.35,4889201
2018-03-14,16.2,16.9,16.15,16.15,1825455
2018-03-15,16.45,16.45,15.6,15.6,976190
2018-03-16,15.85,16.1,14.85,15.2,1431100
2018-03-19,15.4,15.7,15.0,15.0,937000
2018-03-20,15.45,16.5,15.0,16.5,3756690
2018-03-21,17.0,17.85,16.5,16.65,5613268
2018-03-22,16.4,17.3,16.0,16.2,2195003
2018-03-23,15.25,17.45,15.25,15.85,3804000
2018-03-26,16.05,16.75,16.0,16.15,1507122
2018-03-27,16.75,16.75,16.1,16.1,1387480
2018-03-28,16.35,16.65,15.85,16.1,952088
2018-03-29,16.5,16.7,16.1,16.2,1470100
2018-03-30,16.5,17.1,16.25,16.25,1885044
2018-03-31,16.45,16.55,15.6,15.9,913200
2018-04-02,15.9,16.65,15.55,15.95,2167000
2018-04-03,16.1,16.1,15.5,15.6,1057228
2018-04-09,15.8,16.15,15.5,15.5,806081
2018-04-10,15.55,16.05,15.0,15.0,2729300
2018-04-11,15.45,15.5,15.0,15.0,648061
2018-04-12,15.2,15.2,15.0,15.15,437005
2018-04-13,15.05,15.25,14.0,14.2,1618500
2018-04-16,14.1,14.1,13.0,13.05,1289001
2018-04-17,13.45,13.7,13.1,13.15,947145
2018-04-18,13.3,13.3,13.0,13.0,375000
2018-04-19,13.1,13.35,13.0,13.1,293246
2018-04-20,13.1,13.25,12.85,12.9,398013
2018-04-23,12.8,12.9,12.25,12.35,400000
2018-04-24,12.55,13.55,12.35,13.55,1929500
2018-04-25,14.5,14.75,13.65,14.3,4276003
2018-04-26,14.25,14.75,12.9,12.95,1918022
2018-04-27,13.2,13.45,12.7,13.0,486437
2018-04-30,13.15,13.15,12.3,12.7,517100
2018-05-02,12.6,12.8,12.4,12.5,199400
2018-05-03,12.55,12.65,12.35,12.4,213001
2018-05-04,12.4,12.55,11.95,11.95,542000
2018-05-07,12.0,12.1,11.8,11.8,312002
2018-05-08,12.0,12.0,11.55,11.65,354043
2018-05-09,11.7,12.1,11.7,11.95,418000
2018-05-10,12.1,12.45,12.0,12.05,447000
2018-05-11,11.9,12.4,11.9,12.1,420655
2018-05-14,12.05,12.1,11.65,11.7,397801
2018-05-15,11.8,12.0,11.8,11.9,229000
2018-05-16,11.9,11.9,11.65,11.75,162613
2018-05-17,11.7,11.7,11.45,11.55,688000
2018-05-18,11.55,11.95,11.55,11.65,330000
2018-05-21,11.85,11.85,11.6,11.6,156002
2018-05-22,11.6,11.6,11.0,11.25,470079
2018-05-23,11.25,11.4,11.1,11.2,247206
2018-05-24,11.2,11.3,11.1,11.15,135487
2018-05-25,11.1,11.15,11.0,11.0,304000
2018-05-28,11.8,11.8,11.25,11.4,593270
2018-05-29,11.75,11.75,11.25,11.25,339218
2018-05-30,11.35,11.35,11.2,11.2,275338
2018-05-31,11.35,11.35,11.0,11.15,347261
2018-06-01,11.15,11.5,11.0,11.4,566500
2018-06-04,11.5,11.7,11.25,11.6,460668
2018-06-05,11.95,12.75,11.8,12.75,1960099
2018-06-06,13.2,13.2,12.65,12.8,2320150
2018-06-07,12.8,14.05,12.1,13.85,2719112
2018-06-08,13.85,13.85,12.6,13.05,2073088
2018-06-11,13.05,13.05,12.5,12.65,531000
2018-06-12,12.8,12.9,12.4,12.4,553000
2018-06-13,12.55,13.3,12.5,13.15,1190006
2018-06-14,13.5,13.8,12.95,13.15,1186885
2018-06-15,13.3,13.35,12.85,12.9,247403
2018-06-19,12.9,12.9,12.45,12.6,128090
2018-06-20,12.45,12.65,11.6,12.05,460818
2018-06-21,12.2,12.2,11.85,12.1,238545
2018-06-22,12.15,12.6,11.75,12.4,346000
2018-06-25,12.6,12.6,12.05,12.05,235000
2018-06-26,12.05,12.1,11.85,11.95,145000
2018-06-27,12.1,12.1,11.9,11.9,191000
2018-06-28,11.85,11.95,11.65,11.65,116000
2018-06-29,11.75,12.05,11.75,11.9,143000
2018-07-02,12.2,12.2,11.9,11.9,131000
2018-07-03,11.95,12.0,11.5,11.6,166400
2018-07-04,11.65,11.65,11.3,11.4,99100
2018-07-05,11.4,11.5,10.8,10.9,280500
2018-07-06,10.9,11.2,10.7,10.8,241441
2018-07-09,10.8,10.95,10.7,10.8,119200
2018-07-10,10.9,11.0,10.8,10.9,129100
2018-07-11,11.0,11.0,10.8,10.8,55090
2018-07-12,10.75,10.8,10.7,10.75,116002
2018-07-13,10.8,11.0,10.75,10.8,111000
2018-07-16,10.9,10.95,10.8,10.8,37000
2018-07-17,10.75,11.85,10.75,11.85,1136000
2018-07-18,11.8,12.05,11.45,11.45,940000
2018-07-19,11.45,11.85,11.45,11.55,234008
2018-07-20,11.55,11.6,11.3,11.3,210934
2018-07-23,11.4,11.5,10.85,11.05,211100
2018-07-24,11.1,11.3,11.1,11.15,107100
2018-07-25,11.15,11.3,11.0,11.2,107000
2018-07-26,11.3,11.3,11.1,11.2,86013
2018-07-27,11.2,11.2,11.05,11.15,69050
2018-07-30,11.25,11.3,11.1,11.1,180258
2018-07-31,11.1,11.3,11.05,11.05,69000
2018-08-01,11.1,11.15,11.0,11.15,84200
2018-08-02,11.05,11.05,10.8,10.8,133200
2018-08-03,11.0,11.2,10.8,10.95,404000
2018-08-06,11.2,11.5,11.0,11.05,184039
2018-08-07,11.05,11.15,10.85,10.95,154200
2018-08-08,11.05,11.15,11.0,11.0,83200
2018-08-09,11.0,11.15,11.0,11.0,84540
2018-08-10,11.05,11.05,10.9,10.9,47179
2018-08-13,10.8,10.8,9.85,10.0,477100
2018-08-14,10.15,10.35,10.0,10.15,191252
2018-08-15,10.1,10.25,9.86,10.0,70158
2018-08-16,9.99,10.0,9.81,10.0,168400
2018-08-17,10.05,10.1,9.85,9.99,105000
2018-08-20,10.0,10.15,9.96,9.97,61068
2018-08-21,9.97,10.05,9.97,10.05,30267
2018-08-22,10.0,10.15,9.95,10.1,69000
2018-08-23,10.3,11.05,10.3,10.95,599230
2018-08-24,11.15,11.15,10.45,10.55,313580
2018-08-27,10.65,10.65,10.4,10.4,98100
2018-08-28,10.35,10.45,10.2,10.3,120180
2018-08-29,10.35,10.8,10.3,10.5,90000
2018-08-30,10.5,10.65,10.3,10.3,99068
2018-08-31,10.3,10.4,10.25,10.4,57000
2018-09-03,10.15,10.35,10.15,10.25,29000
2018-09-04,10.45,10.45,10.2,10.25,29000
2018-09-05,10.15,10.35,10.15,10.25,63000
2018-09-06,10.3,10.4,10.15,10.25,108000
2018-09-07,10.15,10.35,10.05,10.1,152000
2018-09-10,10.3,10.4,9.85,10.2,572000
2018-09-11,10.1,10.25,9.98,10.0,160000
2018-09-12,9.87,10.05,9.87,9.93,143000
2018-09-13,10.0,10.1,9.93,10.05,95180
2018-09-14,10.35,10.35,10.1,10.1,110100
2018-09-17,10.1,10.1,10.0,10.05,54001
2018-09-18,10.0,10.15,10.0,10.1,65177
2018-09-19,10.1,11.1,10.05,11.1,7772858
2018-09-20,11.1,11.5,10.95,11.5,3366200
2018-09-21,11.45,11.45,11.15,11.15,760199
2018-09-25,11.15,12.25,11.1,12.25,1749718
2018-09-26,12.6,13.45,12.3,13.0,6226565
2018-09-27,12.85,13.6,12.7,12.85,2930112
2018-09-28,13.1,13.8,12.5,12.6,3186000
2018-10-01,12.65,13.05,12.05,12.3,1416180
2018-10-02,12.5,12.5,12.1,12.1,809309
2018-10-03,12.1,12.4,11.85,11.85,594390
2018-10-04,11.8,12.2,11.7,12.2,1184200
2018-10-05,12.15,12.3,11.05,11.6,969100
2018-10-08,11.7,11.95,11.4,11.45,296134
2018-10-09,11.45,11.75,11.3,11.3,805575
2018-10-11,11.0,11.0,10.2,10.2,995000
2018-10-12,10.15,10.35,9.75,10.1,569121
2018-10-15,10.15,10.15,10.0,10.05,223000
2018-10-16,10.0,10.3,10.0,10.0,312002
2018-10-17,10.15,10.75,10.15,10.45,1100540
2018-10-18,10.3,10.65,10.25,10.3,275002
2018-10-19,10.15,10.25,9.91,10.05,464000
2018-10-22,10.05,10.3,10.05,10.1,216000
2018-10-23,10.05,10.15,10.0,10.05,148530
2018-10-24,10.0,10.1,9.91,9.96,344000
2018-10-25,9.63,9.78,9.4,9.4,277153
2018-10-26,9.47,9.6,9.25,9.28,201420
2018-10-29,9.21,9.38,9.21,9.27,100200
2018-10-30,9.25,9.31,9.2,9.2,190000
2018-10-31,9.33,9.68,9.33,9.6,148000
2018-11-01,9.6,9.74,9.6,9.64,89134
2018-11-02,9.75,10.0,9.7,9.99,138000
2018-11-05,9.99,10.05,9.94,10.0,57353
2018-11-06,10.0,10.0,9.81,9.86,58000
2018-11-07,9.86,9.99,9.81,9.84,71150
2018-11-08,9.94,10.0,9.84,9.89,138090
2018-11-09,9.95,9.95,9.78,9.85,124000
2018-11-12,9.67,9.92,9.67,9.79,72000
2018-11-13,9.45,9.8,9.45,9.8,42330
2018-11-14,9.88,10.0,9.8,9.83,106346
2018-11-15,9.83,9.92,9.83,9.92,19000
2018-11-16,9.92,9.92,9.66,9.68,161008
2018-11-19,9.68,9.78,9.61,9.65,101100
2018-11-20,9.99,9.99,9.71,9.71,54212
2018-11-21,9.72,9.79,9.71,9.71,25097
2018-11-22,9.71,9.8,9.71,9.79,39000
2018-11-23,9.71,9.76,9.63,9.63,76200
2018-11-26,9.7,9.8,9.67,9.75,56000
2018-11-27,9.68,9.75,9.65,9.75,44000
2018-11-28,9.75,9.95,9.75,9.85,91000
2018-11-29,10.45,10.45,9.97,9.98,228000
2018-11-30,9.96,10.0,9.82,9.82,70000
2018-12-03,10.15,10.15,9.86,9.94,171500
2018-12-04,9.89,10.15,9.89,10.05,83000
2018-12-05,10.05,10.1,9.9,9.96,80380
2018-12-06,9.9,9.9,9.8,9.8,74043
2018-12-07,9.84,9.9,9.84,9.9,30150
2018-12-10,9.57,9.9,9.57,9.58,93100
2018-12-11,9.5,9.84,9.5,9.76,33182
2018-12-12,9.8,9.95,9.72,9.87,69100
2018-12-13,9.87,9.87,9.82,9.87,23090
2018-12-14,9.87,9.95,9.7,9.75,30450
2018-12-17,9.75,10.0,9.75,9.9,26046
2018-12-18,9.9,9.97,9.85,9.85,85900
2018-12-19,9.85,9.85,9.8,9.81,30100
2018-12-20,9.58,9.8,9.58,9.8,38000
2018-12-21,9.7,9.85,9.62,9.67,51000
2018-12-22,9.73,10.3,9.7,9.94,116000
2018-12-24,9.9,9.93,9.81,9.89,32000
2018-12-25,9.75,9.82,9.68,9.77,39100
2018-12-26,9.72,9.78,9.65,9.65,53000
2018-12-27,9.7,9.74,9.67,9.67,67000
2018-12-28,9.66,9.7,9.59,9.6,79200
2019-01-02,9.73,9.73,9.47,9.54,81002
2019-01-03,9.54,9.54,9.33,9.33,133800
2019-01-04,9.23,9.33,9.16,9.33,62856
2019-01-07,9.45,9.7,9.4,9.53,317856
2019-01-08,9.5,9.58,9.44,9.45,52200
2019-01-09,9.56,9.61,9.44,9.48,42024
2019-01-10,9.55,9.55,9.36,9.4,65000
2019-01-11,9.4,9.43,9.3,9.33,89000
2019-01-14,9.45,9.45,9.33,9.33,38000
2019-01-15,9.38,9.4,9.25,9.3,119000
2019-01-16,9.32,9.4,9.28,9.28,58906
2019-01-17,9.28,9.33,9.23,9.33,109000
2019-01-18,9.33,9.38,9.26,9.33,13276
2019-01-21,9.34,9.48,9.25,9.28,57000
2019-01-22,9.28,9.32,9.28,9.3,37500
2019-01-23,9.41,9.41,9.21,9.25,52366
2019-01-24,9.4,9.4,9.25,9.25,41237
2019-01-25,9.25,9.4,9.21,9.24,73000
2019-01-28,9.25,9.25,9.19,9.19,100279
2019-01-29,9.19,9.25,9.18,9.18,45100
2019-01-30,9.2,9.28,9.19,9.25,26000
2019-02-11,9.35,9.35,9.21,9.3,15932
2019-02-12,9.3,9.32,9.25,9.32,43000
2019-02-13,9.32,9.4,9.28,9.36,121039
2019-02-14,9.55,9.59,9.42,9.5,126551
2019-02-15,9.56,9.69,9.46,9.46,129001
2019-02-18,9.6,9.6,9.33,9.38,88000
2019-02-19,9.4,9.51,9.4,9.41,56001
2019-02-20,9.43,9.5,9.3,9.46,166001
2019-02-21,9.46,9.55,9.42,9.45,144000
2019-02-22,9.45,9.5,9.42,9.5,44494
2019-02-25,9.5,9.6,9.45,9.45,112000
2019-02-26,9.45,9.59,9.45,9.5,77000
2019-02-27,9.69,9.7,9.55,9.59,43000
2019-03-04,9.53,9.55,9.51,9.51,107000
2019-03-05,9.5,9.55,9.5,9.5,30000
2019-03-06,9.58,9.65,9.55,9.56,131512
2019-03-07,9.69,9.69,9.56,9.56,18500
2019-03-08,9.52,9.62,9.52,9.54,49010
2019-03-11,9.6,9.6,9.53,9.59,21009
2019-03-12,9.64,9.64,9.48,9.6,47425
2019-03-13,9.5,9.58,9.5,9.58,43990
2019-03-14,9.59,9.59,9.5,9.57,22000
2019-03-15,9.57,9.61,9.51,9.58,53550
2019-03-18,9.58,9.6,9.52,9.6,43000
2019-03-19,9.65,9.65,9.55,9.55,41100
2019-03-20,9.55,9.63,9.51,9.61,87090
2019-03-21,9.54,9.64,9.53,9.62,48178
2019-03-22,9.65,9.65,9.55,9.56,66450
2019-03-25,9.46,9.57,9.46,9.57,16000
2019-03-26,9.64,9.64,9.55,9.55,12000
2019-03-27,9.55,9.55,9.5,9.55,50080
2019-03-28,9.45,9.57,9.45,9.57,13000
2019-03-29,9.52,9.56,9.49,9.52,13000
2019-04-01,9.52,9.54,9.48,9.5,50005
2019-04-02,9.5,9.64,9.5,9.64,62000
2019-04-03,9.89,9.89,9.72,9.73,189000
2019-04-08,9.73,9.8,9.66,9.66,191000
2019-04-09,9.81,9.81,9.7,9.8,49270
2019-04-10,9.82,10.6,9.82,10.1,581190
2019-04-11,10.2,10.45,10.15,10.2,161016
2019-04-12,10.2,10.7,10.2,10.55,416855
2019-04-15,10.95,10.95,10.7,10.7,302137
2019-04-16,10.9,10.9,10.45,10.5,308128
2019-04-17,10.6,10.7,10.45,10.65,157436
2019-04-18,10.7,10.9,10.25,10.35,129200
2019-04-19,10.35,10.65,10.25,10.25,103000
2019-04-22,10.3,10.35,10.15,10.25,37270
2019-04-23,10.35,10.35,10.2,10.3,26000
2019-04-24,10.3,10.3,10.1,10.2,53200
2019-04-25,10.3,10.3,10.1,10.1,23100
2019-04-26,10.1,10.1,9.91,9.95,88000
2019-04-29,9.85,9.99,9.85,9.94,20238
2019-04-30,9.78,9.98,9.78,9.97,30653
2019-05-02,9.97,9.97,9.82,9.97,27000
2019-05-03,9.87,9.9,9.84,9.85,44000
2019-05-06,9.8,9.93,9.76,9.81,16580
2019-05-07,9.81,9.85,9.76,9.76,90100
2019-05-08,9.82,9.89,9.7,9.87,61276
2019-05-09,9.94,10.5,9.92,10.05,177071
2019-05-10,10.1,10.15,9.93,9.93,147379
2019-05-13,9.99,10.3,9.82,9.91,117800
2019-05-14,9.72,9.94,9.72,9.8,59282
2019-05-15,9.9,9.99,9.71,9.79,61623
2019-05-16,9.86,9.97,9.74,9.89,63005
2019-05-17,9.91,9.97,9.75,9.75,68342
2019-05-20,9.9,10.2,9.87,9.91,64006
2019-05-21,9.95,9.96,9.91,9.95,40301
2019-05-22,10.05,10.2,9.97,10.1,155181
2019-05-23,10.3,10.3,9.96,10.05,75018
2019-05-24,10.15,10.15,9.95,9.95,20000
2019-05-27,9.91,10.4,9.74,10.3,1643002
2019-05-28,10.2,10.35,10.15,10.2,149000
2019-05-29,10.15,10.15,10.05,10.05,30000
2019-05-30,10.05,10.05,9.95,10.0,38001
2019-05-31,10.0,10.1,9.91,10.0,11180
2019-06-03,10.05,10.05,9.95,10.0,16201
2019-06-04,10.1,10.1,9.95,9.95,10000
2019-06-05,10.0,10.1,9.95,9.98,5000
2019-06-06,10.05,10.05,9.92,10.05,59010
2019-06-10,10.05,10.2,9.98,9.98,96000
2019-06-11,10.15,10.2,9.96,9.96,51270
2019-06-12,10.05,10.1,9.94,10.05,24090
2019-06-13,10.05,10.05,9.85,9.93,155001
2019-06-14,9.82,9.96,9.73,9.73,123900
2019-06-17,9.75,9.85,9.72,9.72,28101
2019-06-18,9.78,9.84,9.7,9.7,67184
2019-06-19,9.72,9.96,9.72,9.77,57021
2019-06-20,9.83,9.9,9.75,9.78,33000
2019-06-21,9.87,9.87,9.73,9.73,63100
2019-06-24,9.73,9.85,9.73,9.79,41029
2019-06-25,9.75,9.89,9.72,9.89,65000
2019-06-26,9.87,9.88,9.87,9.88,22050
2019-06-27,9.88,9.89,9.78,9.81,52280
2019-06-28,9.87,9.87,9.79,9.84,24010
2019-07-01,9.87,10.05,9.86,9.93,42270
2019-07-02,9.94,9.94,9.86,9.93,10135
2019-07-03,9.93,9.98,9.88,9.88,29000
2019-07-04,9.96,9.96,9.83,9.91,78000
2019-07-05,9.86,9.89,9.84,9.89,27001
2019-07-08,9.78,9.9,9.78,9.8,56000
2019-07-09,9.83,9.83,9.78,9.79,18000
2019-07-10,9.78,9.85,9.77,9.84,55000
2019-07-11,9.87,9.87,9.79,9.84,15000
2019-07-12,9.88,9.88,9.81,9.85,13200
2019-07-15,9.77,9.84,9.76,9.84,29000
2019-07-16,9.84,9.86,9.81,9.81,61000
2019-07-17,9.92,10.0,9.77,9.92,52000
2019-07-18,9.95,9.97,9.92,9.92,43000
2019-07-19,9.92,9.92,9.82,9.92,33500
2019-07-22,9.92,9.92,9.85,9.85,10530
2019-07-23,9.89,9.89,9.8,9.87,44204
2019-07-24,9.87,9.89,9.8,9.81,21000
2019-07-25,9.88,9.88,9.78,9.84,28270
2019-07-26,9.84,9.89,9.81,9.87,10080
2019-07-29,9.82,9.84,9.7,9.8,72903
2019-07-30,9.75,9.84,9.72,9.73,55595
2019-07-31,9.77,9.77,9.7,9.72,87523
2019-08-01,9.67,9.67,9.41,9.53,31270
2019-08-02,9.57,9.57,9.41,9.42,43100
2019-08-05,9.35,9.42,9.32,9.32,19900
2019-08-06,9.16,9.34,9.11,9.28,45200
2019-08-07,9.29,9.29,9.05,9.05,253000
2019-08-08,9.14,9.16,9.06,9.07,69170
2019-08-12,9.14,9.14,8.9,9.1,132000
2019-08-13,9.14,9.15,8.94,8.94,92000
2019-08-14,8.96,9.04,8.81,8.83,100802
2019-08-15,8.8,8.89,8.8,8.87,45000
2019-08-16,8.88,8.98,8.85,8.95,49094
2019-08-19,9.08,9.08,8.9,8.91,47000
2019-08-20,8.91,8.98,8.91,8.96,17000
2019-08-21,8.96,8.99,8.92,8.98,26000
2019-08-22,9.0,9.17,8.99,9.08,25265
2019-08-23,9.0,9.07,8.97,9.0,38000
2019-08-26,9.04,9.04,8.88,8.98,22465
2019-08-27,9.12,9.12,9.0,9.09,6100
2019-08-28,9.0,9.08,8.94,9.05,28291
2019-08-29,9.11,9.11,8.9,9.04,62510
2019-08-30,9.12,9.12,8.97,9.04,23000
2019-09-02,9.03,9.15,9.0,9.1,104090
2019-09-03,9.1,9.11,9.01,9.07,48000
2019-09-04,9.04,9.14,9.04,9.04,29000
2019-09-05,9.05,9.18,9.01,9.05,63002
2019-09-06,9.09,9.09,9.01,9.03,31999
2019-09-09,9.09,9.09,8.99,9.05,39216
2019-09-10,8.98,9.06,8.95,9.0,67110
2019-09-11,9.0,9.1,8.96,9.04,72031
2019-09-12,9.09,9.09,9.01,9.08,39132
2019-09-16,9.08,9.34,9.0,9.29,715603
2019-09-17,9.45,9.45,9.1,9.1,142559
2019-09-18,9.15,9.25,9.06,9.19,93058
2019-09-19,9.22,9.26,9.11,9.15,30515
2019-09-20,9.18,9.7,9.01,9.43,2085181
2019-09-23,9.45,9.45,9.18,9.18,189414
2019-09-24,9.18,9.25,9.15,9.21,18002
2019-09-25,9.15,9.18,9.02,9.13,165054
2019-09-26,9.2,9.26,9.05,9.05,61098
2019-09-27,9.05,9.08,8.96,8.97,64330
2019-10-01,9.1,9.1,8.91,8.95,37131
2019-10-02,9.0,9.0,8.91,8.99,35041
2019-10-03,9.02,9.16,9.0,9.11,29709
2019-10-04,9.12,9.12,8.94,8.95,86131
2019-10-07,9.02,9.1,8.97,8.97,18000
2019-10-08,9.06,9.06,8.87,8.91,39210
2019-10-09,8.85,8.95,8.85,8.86,50000
2019-10-14,8.86,8.95,8.85,8.85,86100
2019-10-15,8.86,8.93,8.86,8.93,14226
2019-10-16,8.87,9.0,8.87,8.88,50880
2019-10-17,8.89,8.94,8.89,8.93,34182
2019-10-18,9.0,9.09,8.95,9.03,44750
2019-10-21,9.03,9.07,9.0,9.05,18166
2019-10-22,9.01,9.1,8.98,9.1,37090
2019-10-23,9.1,9.1,9.0,9.0,24858
2019-10-24,9.0,9.01,8.98,9.0,36894
2019-10-25,8.99,9.0,8.94,8.98,17000
2019-10-28,8.96,8.97,8.93,8.95,19180
2019-10-29,8.96,9.07,8.93,9.04,116411
2019-10-30,9.0,9.07,9.0,9.05,20948
2019-10-31,9.07,9.14,9.06,9.12,91180
2019-11-01,9.15,9.43,9.15,9.35,139412
2019-11-04,9.54,9.54,9.22,9.43,71049
2019-11-05,9.5,9.61,9.45,9.6,215298
2019-11-06,9.6,9.67,9.47,9.6,91362
2019-11-07,9.85,9.85,9.59,9.65,97090
2019-11-08,9.7,9.79,9.5,9.77,88540
2019-11-11,9.8,9.8,9.58,9.67,36200
2019-11-12,9.69,9.69,9.6,9.69,28090
2019-11-13,9.71,9.71,9.58,9.67,14000
2019-11-14,9.72,9.72,9.55,9.64,11000
2019-11-15,9.47,9.59,9.4,9.5,26495
2019-11-18,9.57,9.59,9.41,9.5,66000
2019-11-19,9.49,9.49,9.49,9.49,2000
2019-11-20,9.48,9.53,9.18,9.41,98635
2019-11-21,9.34,9.41,9.23,9.37,30668
2019-11-22,9.39,9.48,9.24,9.45,45376
2019-11-25,9.47,9.95,9.45,9.77,38071
2019-11-26,9.65,9.77,9.51,9.75,36737
2019-11-27,9.55,9.63,9.4,9.47,88000
2019-11-28,9.47,9.54,9.31,9.4,66000
2019-11-29,9.43,9.44,9.1,9.11,101011
2019-12-02,9.11,9.26,8.91,9.09,169171
2019-12-03,9.07,9.09,9.0,9.01,45150
2019-12-04,9.11,9.11,8.91,9.06,87001
2019-12-05,9.09,9.09,8.99,9.08,20001
2019-12-06,9.09,9.13,9.0,9.11,37199
2019-12-09,9.08,9.21,8.93,9.0,92554
2019-12-10,9.0,9.02,8.82,8.9,228362
2019-12-11,8.9,8.96,8.9,8.96,37090
2019-12-12,8.96,8.96,8.91,8.96,38011
2019-12-13,8.93,8.98,8.93,8.93,14666
2019-12-16,8.94,9.03,8.94,8.95,13090
2019-12-17,9.01,9.01,8.96,8.97,25020
2019-12-18,8.92,9.01,8.92,9.0,29125
2019-12-19,9.0,9.01,9.0,9.01,5180
2019-12-20,9.01,9.01,9.0,9.0,5300
2019-12-23,9.0,9.05,8.97,8.97,53000
2019-12-24,9.0,9.0,9.0,9.0,12270
2019-12-25,9.0,9.05,8.96,8.97,11951
2019-12-26,9.04,9.05,9.0,9.05,34479
2019-12-27,9.0,9.05,9.0,9.03,21100
2019-12-30,9.07,9.07,9.02,9.06,33730
2019-12-31,9.07,9.07,9.02,9.02,16000
2020-01-02,9.02,9.12,9.02,9.1,13588
2020-01-03,9.17,9.17,9.11,9.13,11872
2020-01-06,9.1,9.17,9.08,9.1,34179
2020-01-07,9.14,9.15,9.1,9.15,24000
2020-01-08,9.1,9.1,8.96,8.96,41000
2020-01-09,9.09,9.09,8.91,8.91,26000
2020-01-10,9.05,9.09,8.98,9.09,25050
2020-01-13,9.11,9.11,9.03,9.1,11090
2020-01-14,9.1,9.1,9.02,9.04,26090
2020-01-15,9.02,9.09,9.02,9.09,11180
2020-01-16,9.02,9.07,9.0,9.07,33000
2020-01-17,9.03,9.03,9.0,9.0,43510
2020-01-20,9.0,9.1,9.0,9.1,69090
2020-01-30,9.0,9.03,8.85,8.85,134000
2020-01-31,8.8,9.15,8.8,8.92,57100
2020-02-03,8.9,8.9,8.83,8.85,86000
2020-02-04,8.87,8.93,8.85,8.85,12000
2020-02-05,8.92,8.95,8.9,8.9,15167
2020-02-06,8.9,9.0,8.9,8.91,46090
2020-02-07,8.87,8.9,8.86,8.88,12287
2020-02-10,8.88,9.04,8.88,8.94,8114
2020-02-11,8.95,9.02,8.92,9.02,7100
2020-02-12,8.96,9.0,8.94,8.94,31110
2020-02-13,9.02,9.02,8.91,8.91,16214
2020-02-14,9.0,9.0,8.85,8.93,13000
2020-02-17,8.97,8.97,8.82,8.82,86000
2020-02-18,8.8,8.87,8.8,8.81,42000
2020-02-19,8.85,8.9,8.83,8.9,22000
2020-02-20,8.9,8.9,8.85,8.85,8089
2020-02-21,8.85,8.9,8.85,8.9,17017
2020-02-24,8.9,8.92,8.9,8.92,25111
2020-02-25,8.98,8.98,8.91,8.91,19128
2020-02-26,8.92,8.92,8.84,8.85,32000
2020-02-27,8.92,8.92,8.85,8.86,46000
2020-03-02,8.9,9.0,8.9,8.94,18000
2020-03-03,8.94,8.99,8.94,8.98,28999
2020-03-04,8.93,8.99,8.82,8.93,40495
2020-03-05,8.99,8.99,8.94,8.94,18999
2020-03-06,8.9,8.94,8.8,8.85,88043
2020-03-09,8.85,8.85,8.82,8.85,58000
2020-03-10,8.81,8.9,8.81,8.85,74147
2020-03-11,8.87,8.97,8.8,8.8,121000
2020-03-12,8.72,8.94,8.71,8.71,191000
2020-03-13,8.1,8.1,7.84,8.09,136523
2020-03-16,8.1,8.1,7.9,7.99,64000
2020-03-17,7.3,7.76,7.3,7.63,129100
2020-03-18,7.62,7.69,7.54,7.54,103000
2020-03-19,7.54,7.74,7.3,7.4,356000
2020-03-20,7.4,8.14,7.4,7.98,68435
2020-03-23,7.93,7.95,7.5,7.89,14000
2020-03-24,7.6,7.9,7.58,7.83,92000
2020-03-25,7.84,8.19,7.84,8.02,108360
2020-03-26,8.02,8.02,7.95,8.01,15000
2020-03-27,8.63,8.63,8.1,8.29,9000
2020-03-30,8.29,8.29,8.25,8.25,59200
2020-03-31,8.58,8.64,8.3,8.41,16100
2020-04-01,8.6,8.6,8.31,8.47,57151
2020-04-06,8.48,8.49,8.37,8.48,12220
2020-04-07,8.49,8.59,8.49,8.49,21000
2020-04-08,8.4,8.51,8.3,8.49,16000
2020-04-09,8.54,8.54,8.4,8.4,21000
2020-04-10,8.5,8.5,8.4,8.41,19000
2020-04-13,8.47,8.47,8.38,8.38,4000
2020-04-14,8.47,8.5,8.47,8.48,21163
2020-04-15,8.49,8.88,8.38,8.8,100687
2020-04-16,8.81,8.89,8.61,8.85,35495
2020-04-17,8.86,9.21,8.8,9.03,45099
2020-04-20,9.12,9.12,9.0,9.08,32000
2020-04-21,9.13,9.13,8.82,9.0,31000
2020-04-22,9.0,9.09,9.0,9.09,4210
2020-04-23,9.13,9.13,8.93,8.98,58282
2020-04-24,8.89,8.98,8.8,8.84,30410
2020-04-27,8.93,9.0,8.92,8.95,31940
2020-04-28,8.96,9.04,8.85,8.86,29633
2020-04-29,8.9,8.97,8.87,8.88,57000
2020-04-30,9.0,9.35,8.91,9.34,252203
2020-05-04,9.36,9.52,9.36,9.41,130800
2020-05-05,9.47,9.48,9.2,9.2,69950
2020-05-06,9.2,9.33,9.1,9.2,26177
2020-05-07,9.3,9.3,9.2,9.2,21760
2020-05-08,9.38,9.38,9.1,9.35,57090
2020-05-11,9.53,9.53,9.2,9.45,59270
2020-05-12,9.3,9.54,9.3,9.45,27090
2020-05-13,9.4,9.47,9.21,9.41,22444
2020-05-14,9.51,9.51,9.35,9.42,6000
2020-05-15,9.42,9.49,9.22,9.31,30277
2020-05-18,9.43,9.54,9.32,9.39,113550
2020-05-19,9.4,9.47,9.39,9.47,62135
2020-05-20,9.49,9.5,9.26,9.49,80265
2020-05-21,9.51,9.51,9.29,9.32,82000
2020-05-22,9.33,9.4,9.04,9.21,31000
2020-05-25,9.05,9.39,9.04,9.05,30000
2020-05-26,9.05,9.1,9.0,9.01,78789
2020-05-27,9.01,9.09,8.97,9.03,36679
2020-05-28,9.03,9.09,9.02,9.04,31364
2020-05-29,8.95,9.07,8.95,9.0,25470
2020-06-01,9.07,9.08,9.01,9.08,12000
2020-06-02,9.1,9.2,9.01,9.02,40529
2020-06-03,9.1,9.15,9.03,9.07,30567
2020-06-04,9.27,9.27,9.1,9.2,62206
2020-06-05,9.2,9.21,9.05,9.21,26049
2020-06-08,9.21,9.34,9.01,9.01,98080
2020-06-09,9.15,9.16,9.1,9.1,13728
2020-06-10,9.24,9.24,9.05,9.08,20000
2020-06-11,9.05,9.15,9.0,9.15,127285
2020-06-12,9.15,9.15,9.04,9.1,56245
2020-06-15,9.24,9.24,9.05,9.15,8560
2020-06-16,9.07,9.23,9.05,9.19,42120
2020-06-17,9.29,9.48,9.18,9.18,65910
2020-06-18,9.36,9.36,9.11,9.15,75210
2020-06-19,9.27,9.27,9.17,9.24,42187
2020-06-22,9.26,9.26,9.17,9.17,36135
2020-06-23,9.2,9.28,9.18,9.26,38900
2020-06-24,9.2,9.27,9.17,9.18,27717
2020-06-29,9.12,9.12,9.08,9.12,21300
2020-06-30,9.15,9.26,9.13,9.22,18000
2020-07-01,9.16,9.24,9.1,9.19,75739
2020-07-02,9.19,9.19,9.1,9.12,101200
2020-07-03,9.27,9.27,9.12,9.14,69000
2020-07-06,9.12,9.24,9.12,9.23,32846
2020-07-07,9.27,9.28,9.13,9.14,54855
2020-07-08,9.16,9.19,9.14,9.15,30900
2020-07-09,9.24,9.25,9.11,9.16,173945
2020-07-10,9.12,9.29,9.12,9.15,63672
2020-07-13,9.28,9.28,9.15,9.24,59794
2020-07-14,9.23,9.27,9.18,9.24,27116
2020-07-15,9.25,9.58,9.2,9.5,185198
2020-07-16,9.5,9.55,9.41,9.41,104100
2020-07-17,9.53,9.53,9.15,9.15,94001
2020-07-20,9.15,9.28,9.14,9.28,46000
2020-07-21,9.28,9.28,9.17,9.25,53306
2020-07-22,9.1,9.26,9.09,9.1,56574
2020-07-23,9.1,9.1,9.02,9.04,38220
2020-07-24,9.1,9.13,9.03,9.03,23061
2020-07-27,9.02,9.13,8.95,9.07,38000
2020-07-28,8.95,9.06,8.86,9.0,87940
2020-07-29,9.08,9.08,9.07,9.07,60500
2020-07-30,9.07,9.07,9.02,9.02,9289
2020-07-31,9.02,9.04,9.0,9.01,13061
2020-08-03,8.9,9.01,8.8,8.82,73701
2020-08-04,8.83,8.98,8.83,8.88,45300
2020-08-05,8.86,9.01,8.86,8.9,17959
2020-08-06,8.94,8.94,8.89,8.9,23493
2020-08-07,8.89,9.0,8.88,8.9,27069
2020-08-10,8.99,9.27,8.99,9.05,66196
2020-08-11,9.05,9.1,9.02,9.02,36120
2020-08-12,9.09,9.09,8.96,8.98,27700
2020-08-13,9.08,9.08,8.97,8.97,36472
2020-08-14,8.92,9.06,8.92,8.95,28803
2020-08-17,9.0,9.03,8.92,9.0,47890
2020-08-18,9.03,9.05,9.0,9.0,27580
2020-08-19,9.07,9.2,8.98,9.18,100412
2020-08-20,9.03,9.3,8.99,9.3,171840
2020-08-21,9.25,9.38,9.2,9.38,116740
2020-08-24,9.4,9.45,9.33,9.45,104600
2020-08-25,9.45,9.56,9.45,9.45,206263
2020-08-26,9.54,10.35,9.54,10.35,2114405
2020-08-27,10.95,11.35,10.75,11.35,1850701
2020-08-28,11.7,11.8,10.8,11.15,2543653
2020-08-31,11.15,11.3,11.1,11.2,477282
2020-09-01,11.25,11.3,10.4,10.75,662196
2020-09-02,10.75,11.35,10.7,10.85,1790300
2020-09-03,10.9,11.5,10.9,11.05,554299
2020-09-04,10.7,11.05,10.5,10.55,611000
2020-09-07,10.55,11.25,10.35,10.95,503448
2020-09-08,11.05,11.25,10.95,11.0,327400
2020-09-09,10.95,11.3,10.7,10.7,958380
2020-09-10,10.85,10.9,10.25,10.35,431200
2020-09-11,10.45,10.55,9.95,10.0,364065
2020-09-14,10.0,10.35,10.0,10.3,166092
2020-09-15,10.3,10.3,10.05,10.2,106038
2020-09-16,10.25,10.55,10.0,10.35,297400
2020-09-17,10.2,10.45,10.2,10.2,131815
2020-09-18,10.25,10.55,10.25,10.45,144757
2020-09-21,10.55,10.6,10.35,10.35,105752
2020-09-22,10.55,10.55,10.15,10.15,91000
2020-09-23,10.25,10.3,10.05,10.25,109358
2020-09-24,10.15,10.25,9.71,10.05,248600
2020-09-25,10.05,10.1,9.8,9.9,142333
2020-09-28,10.1,10.1,9.82,9.9,69357
2020-09-29,10.1,10.1,9.82,9.97,31160
2020-09-30,10.0,10.05,9.9,9.98,64252
2020-10-05,9.98,10.05,9.96,9.98,55460
2020-10-06,9.98,10.15,9.98,10.1,52339
2020-10-07,10.15,10.2,10.05,10.1,66200
2020-10-08,10.2,10.25,9.75,9.75,87252
2020-10-12,9.85,9.97,9.76,9.76,56114
2020-10-13,9.78,9.8,9.67,9.8,22000
2020-10-14,9.89,9.94,9.8,9.91,72025
2020-10-15,9.91,9.96,9.86,9.92,139000
2020-10-16,9.95,9.98,9.8,9.86,72047
2020-10-19,9.86,9.94,9.81,9.89,32000
2020-10-20,9.89,9.89,9.7,9.87,17271
2020-10-21,9.79,9.84,9.75,9.82,53202
2020-10-22,9.78,9.81,9.7,9.8,31090
2020-10-23,9.8,9.82,9.76,9.76,54530
2020-10-26,9.78,9.79,9.72,9.74,46108
2020-10-27,9.75,9.85,9.74,9.79,23332
2020-10-28,9.8,9.81,9.77,9.78,12064
2020-10-29,9.78,9.78,9.68,9.75,5849
2020-10-30,9.71,9.71,9.65,9.65,26531
2020-11-02,9.65,9.65,9.55,9.55,50251
2020-11-03,9.6,9.65,9.55,9.56,61258
2020-11-04,9.55,9.65,9.5,9.65,56442
2020-11-05,9.6,9.69,9.6,9.63,28367
2020-11-06,9.6,9.61,9.31,9.55,93630
2020-11-09,9.61,9.78,9.35,9.51,83000
2020-11-10,9.7,9.74,9.6,9.69,144000
2020-11-11,9.62,9.7,9.61,9.7,60061
2020-11-12,9.7,9.75,9.64,9.67,32425
2020-11-13,9.7,9.7,9.67,9.7,23002
2020-11-16,9.79,9.79,9.71,9.72,67743
2020-11-17,9.7,9.75,9.7,9.75,56201
2020-11-18,9.78,9.92,9.78,9.89,99508
2020-11-19,9.9,10.05,9.9,9.91,153665
2020-11-20,9.99,10.9,9.99,10.9,493117
2020-11-23,11.4,11.65,11.0,11.35,1571818
2020-11-24,11.5,11.5,10.6,10.75,523115
2020-11-25,10.75,11.1,10.75,10.8,352200
2020-11-26,11.0,11.5,10.85,11.05,515308
2020-11-27,11.3,11.3,10.9,11.2,414139
2020-11-30,11.35,12.3,11.35,12.3,3262101
2020-12-01,12.9,13.5,11.75,11.75,5338470
2020-12-02,11.7,11.85,11.45,11.45,939734
2020-12-03,11.5,11.95,11.35,11.35,603001
2020-12-04,11.25,11.45,11.25,11.3,1211110
2020-12-07,11.55,11.65,11.25,11.35,531314
2020-12-08,11.35,11.65,11.35,11.5,427861
2020-12-09,11.5,11.8,11.3,11.35,385100
2020-12-10,11.35,12.45,11.35,12.0,2966723
2020-12-11,12.1,12.3,11.65,11.85,1422036
2020-12-14,12.1,12.3,11.8,12.15,972630
2020-12-15,12.25,13.0,12.15,12.2,1063120
2020-12-16,12.2,12.55,12.15,12.25,636291
2020-12-17,12.35,12.65,11.8,11.95,592305
2020-12-18,12.0,12.25,11.9,12.05,678155
2020-12-21,12.25,13.25,12.2,13.25,1869930
2020-12-22,13.8,14.55,12.45,12.5,6319893
2020-12-23,12.5,13.35,12.3,13.0,1370224
2020-12-24,13.4,13.5,13.0,13.0,1024354
2020-12-25,13.2,13.35,12.65,12.65,835025
2020-12-28,12.85,13.05,12.6,12.8,946060
2020-12-29,12.9,14.05,12.9,14.05,3412755
2020-12-30,14.45,15.4,14.15,14.65,6386495
2020-12-31,14.4,14.55,13.85,14.05,1147606
2021-01-04,14.15,14.45,14.0,14.3,673862
2021-01-05,14.5,15.2,14.05,14.2,1270008
2021-01-06,14.35,14.45,13.55,13.75,1564170
2021-01-07,13.8,14.0,13.5,13.5,387555
2021-01-08,13.85,13.85,13.1,13.15,391540
2021-01-11,13.2,13.4,13.1,13.15,296958
2021-01-12,13.2,13.2,12.1,12.25,532612
2021-01-13,12.4,12.55,12.2,12.4,328125
2021-01-14,12.5,12.75,12.4,12.4,659356
2021-01-15,12.55,12.55,11.8,11.8,324827
2021-01-18,11.65,12.0,11.4,11.95,137483
2021-01-19,12.15,12.35,12.0,12.0,236466
2021-01-20,11.95,12.15,11.4,12.15,529829
2021-01-21,12.2,12.5,11.9,12.0,533307
2021-01-22,12.0,12.3,11.85,12.05,575841
2021-01-25,12.05,12.4,11.9,12.2,568515
2021-01-26,12.35,12.35,11.7,11.7,168110
2021-01-27,11.8,12.3,11.55,12.3,344387
2021-01-28,12.15,12.7,11.85,11.85,1682323
2021-01-29,12.15,12.15,11.35,11.55,215477
2021-02-01,11.55,11.55,11.3,11.4,162154
2021-02-02,11.4,11.8,11.4,11.45,236300
2021-02-03,11.45,11.5,11.35,11.35,84213
2021-02-04,11.35,11.35,10.85,10.85,289191
2021-02-05,10.95,11.05,10.7,10.7,262615
2021-02-17,10.85,11.1,10.8,10.95,407001
2021-02-18,11.25,11.8,11.2,11.55,381427
2021-02-19,11.6,12.3,11.4,11.9,3490544
2021-02-22,12.15,12.15,11.65,11.8,544089
2021-02-23,12.0,12.95,11.9,12.95,1219590
2021-02-24,12.95,13.4,12.35,12.4,1798394
2021-02-25,12.85,12.95,12.5,12.55,463560
2021-02-26,12.25,13.0,12.25,12.45,348502
2021-03-02,12.9,12.9,12.2,12.2,330377
2021-03-03,12.25,12.55,12.25,12.3,413376
2021-03-04,12.35,13.5,12.35,12.9,2139015
2021-03-05,12.9,13.05,12.5,12.6,535353
2021-03-08,12.95,12.95,12.45,12.5,339036
2021-03-09,12.75,13.4,12.75,12.75,893354
2021-03-10,12.75,12.75,12.55,12.75,186010
2021-03-11,12.75,12.75,12.45,12.5,287295
2021-03-12,12.55,12.7,12.45,12.45,235725
2021-03-15,12.5,12.6,12.35,12.4,193196
2021-03-16,12.5,13.6,12.25,13.4,8498595
2021-03-17,13.35,13.8,13.1,13.55,1964889
2021-03-18,13.55,13.7,13.15,13.3,520201
2021-03-19,13.35,13.35,12.95,13.05,383042
2021-03-22,13.1,13.5,13.1,13.15,342377
2021-03-23,13.4,13.4,13.0,13.0,155105
2021-03-24,12.9,13.15,12.9,12.9,160001
2021-03-25,13.1,14.15,13.0,14.15,2831308
2021-03-26,14.8,15.2,13.45,13.75,4199217
2021-03-29,13.8,14.2,13.55,13.6,958765
2021-03-30,13.7,14.0,13.55,13.6,486435
2021-03-31,13.65,14.0,13.65,13.8,444327
2021-04-01,14.05,14.3,13.75,13.8,1191239
2021-04-06,13.95,14.3,13.85,14.1,1215096
2021-04-07,14.85,14.85,14.15,14.3,1054233
2021-04-08,14.7,15.35,14.7,14.75,2450850
2021-04-09,14.95,15.45,14.45,14.65,1217615
2021-04-12,14.75,16.0,14.75,15.9,2495768
2021-04-13,15.9,15.9,14.75,14.75,1691816
2021-04-14,14.95,15.55,14.35,14.85,2936972
2021-04-15,15.25,16.0,15.2,15.35,3255944
2021-04-16,15.7,16.85,15.65,16.85,6625017
2021-04-19,17.0,18.5,17.0,18.5,5897826
2021-04-20,20.0,20.35,19.1,20.35,7849786
2021-04-21,20.3,22.35,20.0,22.0,7315408
2021-04-22,23.3,24.2,21.35,23.4,8798189
2021-04-23,24.3,24.6,21.4,22.3,5799717
2021-04-26,21.9,21.9,21.1,21.55,2191639
2021-04-27,21.6,21.6,20.45,20.85,1450579
2021-04-28,21.1,21.1,20.0,20.3,1073950
2021-04-29,20.0,21.25,19.5,20.55,2020092
2021-05-03,20.65,20.95,19.25,19.25,1207795
2021-05-04,19.3,19.5,17.35,17.35,895126
2021-05-05,16.05,18.6,16.05,17.85,1264886
2021-05-06,17.95,19.35,17.95,18.7,987374
2021-05-07,18.4,19.2,17.9,19.2,633329
2021-05-10,19.15,21.1,19.0,21.1,1895869
2021-05-11,20.8,22.8,19.5,21.0,4836347
2021-05-12,20.7,21.2,18.9,18.9,1360091
2021-05-13,17.05,18.05,17.05,17.05,1383040
2021-05-14,17.4,17.55,15.35,15.35,4911308
2021-05-17,14.0,14.7,13.85,13.85,965571
2021-05-18,13.5,15.2,13.5,15.2,1756544
2021-05-19,15.2,16.7,15.2,16.65,2646469
2021-05-20,16.5,17.3,15.0,15.1,38923854
2021-05-21,15.25,16.55,14.8,16.0,3234252
2021-05-24,15.8,16.85,15.5,15.8,1302064
2021-05-25,16.05,16.2,15.05,15.5,981208
2021-05-26,15.8,16.2,15.2,15.7,693950
2021-05-27,15.95,16.6,15.8,15.8,1208106
2021-05-28,16.3,17.35,16.2,17.35,3396995
2021-05-31,18.1,19.05,16.9,17.1,8303873
2021-06-01,17.3,18.5,16.8,18.4,3350821
2021-06-02,19.0,19.3,18.1,18.75,3621411
2021-06-03,18.9,19.25,18.55,18.7,1672795
2021-06-04,18.5,19.25,18.1,18.1,2126699
2021-06-07,18.5,18.5,17.1,17.9,823534
2021-06-08,18.15,18.4,17.75,17.9,646282
2021-06-09,18.1,18.1,17.15,17.4,435000
2021-06-10,17.8,17.8,16.5,17.3,1264748
2021-06-11,17.55,17.65,16.95,17.1,471367
2021-06-15,17.3,17.9,16.8,17.5,690641
2021-06-16,17.95,18.1,17.45,17.65,752476
2021-06-17,17.7,18.45,17.55,17.9,771448
2021-06-18,18.1,18.15,17.35,17.75,733510
2021-06-21,17.75,17.9,16.8,17.0,669538
2021-06-22,17.2,18.7,17.2,18.7,2785022
2021-06-23,19.9,20.3,17.6,17.8,5468567
2021-06-24,17.95,19.55,17.9,19.55,4948096
2021-06-25,20.0,21.5,19.7,21.5,14680379
2021-06-28,22.5,23.65,22.5,23.65,3053845
2021-06-29,26.0,26.0,24.35,26.0,10008640
2021-06-30,28.1,28.6,27.5,28.6,4054832
2021-07-01,29.65,31.4,26.2,26.65,18787142
2021-07-02,26.2,26.5,24.9,24.9,3558176
2021-07-05,25.7,26.0,25.0,25.4,2183280
2021-07-06,25.95,25.95,24.6,24.8,1048674
2021-07-07,25.0,25.0,23.3,23.9,1678935
2021-07-08,24.5,25.3,23.1,24.95,1619154
2021-07-09,24.8,24.95,24.25,24.25,660773
2021-07-12,25.5,25.5,24.5,24.65,974739
2021-07-13,24.9,24.9,22.2,22.4,1300406
2021-07-14,21.7,22.4,20.3,21.0,910860
2021-07-15,21.5,23.1,21.5,23.1,993883
2021-07-16,24.15,24.95,23.3,23.5,3350256
2021-07-19,24.35,25.85,23.95,25.85,2657973
2021-07-20,26.1,27.9,25.55,27.45,11973869
2021-07-21,27.95,29.5,25.35,25.95,10105365
2021-07-22,26.6,26.9,23.65,23.65,3042400
2021-07-23,24.1,25.8,23.75,24.6,2709256
2021-07-26,24.7,24.75,23.6,23.85,1562228
2021-07-27,24.3,24.3,22.45,22.7,2253115
2021-07-28,23.2,24.2,22.1,22.8,2958486
2021-07-29,23.05,25.05,23.05,25.05,4387407
2021-07-30,25.3,26.0,23.55,23.7,7042284
2021-08-02,23.9,25.7,23.6,25.15,2725241
2021-08-03,25.15,25.15,24.2,24.7,1492020
2021-08-04,24.6,25.25,24.3,24.3,1232016
2021-08-05,24.2,24.8,23.2,23.95,4636637
2021-08-06,24.1,24.8,23.6,23.6,1244731
2021-08-09,24.0,24.95,23.85,23.85,1797634
2021-08-10,24.05,24.15,23.25,23.4,771562
2021-08-11,23.85,24.6,22.7,23.5,1450511
2021-08-12,23.9,24.9,23.5,24.7,2072872
2021-08-13,24.6,24.6,23.5,23.5,998805
2021-08-16,23.8,24.0,22.5,22.8,850008
2021-08-17,23.0,23.2,21.0,21.1,1634796
2021-08-18,21.2,22.75,19.9,22.15,1598825
2021-08-19,21.95,22.1,20.55,20.6,762824
2021-08-20,20.6,21.6,20.4,21.1,588135
2021-08-23,21.9,22.5,21.35,21.85,737814
2021-08-24,22.4,22.4,20.65,21.7,505893
2021-08-25,21.15,21.65,21.1,21.15,328100
2021-08-26,21.25,23.0,21.25,21.6,1716277
2021-08-27,21.6,21.6,21.15,21.3,547549
2021-08-30,21.4,22.1,21.3,21.5,500140
2021-08-31,21.7,22.25,21.45,21.85,811776
2021-09-01,21.95,22.45,21.55,21.6,1011320
2021-09-02,21.5,21.75,21.05,21.3,415924
2021-09-03,21.55,22.05,21.05,21.15,838205
2021-09-06,21.25,21.55,20.65,20.65,565994
2021-09-07,20.7,20.85,20.1,20.2,499596
2021-09-08,20.3,20.65,19.45,19.5,761865
2021-09-09,19.8,20.4,19.6,20.1,492417
2021-09-10,20.1,20.85,20.1,20.2,528204
2021-09-13,20.5,21.3,20.4,21.05,867011
2021-09-14,21.05,21.05,20.05,20.2,750889
2021-09-15,20.2,20.45,19.85,20.1,280375
2021-09-16,20.15,20.45,19.75,19.9,268901
2021-09-17,19.85,20.35,19.7,19.85,342393
2021-09-22,18.7,19.9,18.5,18.7,1020994
2021-09-23,19.0,19.0,18.55,18.6,322828
2021-09-24,18.9,18.95,18.55,18.6,304611
2021-09-27,18.6,18.95,18.55,18.7,295220
2021-09-28,18.7,18.75,18.1,18.2,223136
2021-09-29,17.4,18.15,17.2,17.7,303383
2021-09-30,17.7,18.7,17.7,18.55,688724
2021-10-01,18.45,18.45,17.3,17.65,496168
2021-10-04,17.8,17.9,16.0,16.4,2097751
2021-10-05,16.1,17.15,15.65,16.95,688805
2021-10-06,16.85,17.15,16.3,16.3,289295
2021-10-07,16.45,17.4,16.4,17.1,549862
2021-10-08,17.15,17.6,16.65,16.8,299322
2021-10-12,16.6,17.0,16.0,16.3,282450
2021-10-13,16.5,16.7,15.8,15.85,253335
2021-10-14,16.1,16.45,15.9,16.2,301722
2021-10-15,16.25,16.65,16.25,16.6,253538
2021-10-18,16.95,16.95,16.0,16.25,347998
2021-10-19,16.4,17.15,16.35,16.7,338822
2021-10-20,16.7,17.1,16.4,16.4,454262
2021-10-21,16.45,17.25,16.45,16.75,610812
2021-10-22,16.7,16.75,16.05,16.25,512702
2021-10-25,16.25,17.65,16.05,16.5,5542290
2021-10-26,16.6,16.65,16.2,16.4,395869
2021-10-27,16.5,16.5,16.1,16.2,353595
2021-10-28,16.25,16.6,16.2,16.45,442626
2021-10-29,16.5,16.7,16.15,16.3,315595
2021-11-01,16.6,17.1,16.25,16.35,506814
2021-11-02,16.5,16.75,16.1,16.15,422850
2021-11-03,16.3,17.75,16.1,17.75,19719368
2021-11-04,18.4,18.7,17.5,18.2,5118053
2021-11-05,17.85,18.2,17.75,18.0,893217
2021-11-08,18.35,19.7,18.25,18.75,2569527
2021-11-09,19.15,19.2,18.15,18.4,1222149
2021-11-10,18.4,18.45,17.85,17.95,634548
2021-11-11,17.85,18.9,17.75,18.2,1444779
2021-11-12,18.5,18.6,17.7,17.7,524857
2021-11-15,17.85,17.9,17.4,17.5,447000
2021-11-16,17.5,17.8,17.4,17.45,289430
2021-11-17,17.45,17.9,17.45,17.55,321181
2021-11-18,17.6,17.8,17.5,17.6,282732
2021-11-19,17.65,17.65,17.1,17.1,594856
2021-11-22,17.1,17.3,16.65,17.3,251717
2021-11-23,17.3,18.15,17.3,17.35,752660
2021-11-24,17.55,18.45,17.45,18.4,1361151
2021-11-25,18.65,18.95,18.05,18.15,958265
2021-11-26,18.1,18.15,17.4,17.4,469696
2021-11-29,17.0,17.2,16.7,17.1,319967
2021-11-30,17.2,17.3,16.75,17.1,340484
2021-12-01,17.0,17.3,16.8,17.15,166383
2021-12-02,17.3,17.55,17.05,17.25,282432
2021-12-03,17.4,17.55,17.15,17.2,227511
2021-12-06,17.2,17.75,17.15,17.35,195612
2021-12-07,17.6,17.95,17.45,17.6,402893
2021-12-08,18.0,18.35,17.75,17.75,509412
2021-12-09,17.95,18.1,17.55,17.55,280284
2021-12-10,17.9,18.0,17.7,17.85,281680
2021-12-13,18.15,18.35,17.8,18.15,407153
2021-12-14,18.2,18.2,17.25,17.35,490507
2021-12-15,17.4,17.95,17.3,17.5,267464
2021-12-16,17.7,17.7,17.25,17.45,157990
2021-12-17,17.5,18.25,17.5,17.75,693259
2021-12-20,17.75,18.3,17.5,18.05,574438
2021-12-21,18.05,18.15,17.75,18.1,220242
2021-12-22,18.1,18.15,17.85,17.9,191067
2021-12-23,18.1,18.1,17.85,18.0,164000
2021-12-24,18.05,18.2,17.75,17.8,183030
2021-12-27,18.0,18.0,17.6,17.65,167174
2021-12-28,17.8,17.8,17.65,17.65,342032
2021-12-29,17.7,18.0,17.7,17.95,131425
2021-12-30,17.95,17.95,17.75,17.75,115916
2022-01-03,17.85,17.85,17.6,17.6,116073
2022-01-04,17.6,17.6,17.35,17.5,264708
2022-01-05,17.65,17.7,17.3,17.3,204473
2022-01-06,17.3,17.3,17.0,17.2,181457
2022-01-07,17.45,17.45,16.7,16.8,262799
2022-01-10,16.8,16.85,16.5,16.7,216821
2022-01-11,16.7,16.7,16.4,16.45,215157
2022-01-12,16.45,16.5,16.2,16.3,178154
2022-01-13,16.3,16.95,16.3,16.65,280555
2022-01-14,16.65,16.65,16.0,16.2,232770
2022-01-17,16.2,16.2,16.0,16.2,117250
2022-01-18,16.3,16.35,16.1,16.1,108156
2022-01-19,15.8,16.0,15.8,15.95,145051
2022-01-20,16.15,16.45,16.0,16.2,152474
2022-01-21,16.2,16.4,15.8,15.8,234354
2022-01-24,15.6,15.6,15.1,15.3,136652
2022-01-25,15.3,15.5,15.05,15.05,134772
2022-01-26,15.05,15.2,14.95,15.1,124342
2022-02-07,15.15,16.3,15.15,16.25,218881
2022-02-08,16.25,16.45,16.05,16.25,121539
2022-02-09,16.5,16.65,16.4,16.65,121452
2022-02-10,16.7,16.9,16.6,16.65,127083
2022-02-11,16.65,16.75,16.5,16.6,428000
2022-02-14,16.25,16.35,15.65,16.25,126060
2022-02-15,16.25,16.4,16.1,16.2,39009
2022-02-16,16.3,16.45,16.2,16.3,55193
2022-02-17,16.35,16.35,16.1,16.15,45389
2022-02-18,16.15,16.3,16.0,16.3,88941
2022-02-21,16.5,17.75,16.3,17.75,1056835
2022-02-22,17.7,17.75,17.0,17.15,441080
2022-02-23,17.5,17.65,17.25,17.35,210918
2022-02-24,17.2,17.3,16.8,16.85,188765
2022-02-25,16.9,17.5,16.9,17.2,233347
2022-03-01,18.1,18.9,18.1,18.9,3478761
2022-03-02,19.0,20.75,18.8,20.75,11216024
2022-03-03,22.4,22.75,21.3,22.2,12536922
2022-03-04,22.1,23.2,21.3,21.3,11881963
2022-03-07,21.3,23.4,20.8,23.4,11241798
2022-03-08,25.2,25.35,21.6,21.6,23668297
2022-03-09,21.85,23.75,21.5,23.75,10924608
2022-03-10,24.0,25.0,23.35,23.4,17084906
2022-03-11,23.8,25.2,23.65,24.0,13256077
2022-03-14,24.0,24.55,23.5,24.0,7852370
2022-03-15,23.7,24.25,22.45,22.45,3712208
2022-03-16,22.9,23.7,22.5,22.55,10078682
2022-03-17,22.7,23.1,22.1,22.5,5870819
2022-03-18,22.7,23.2,22.3,22.3,1876507
2022-03-21,22.85,24.5,22.8,24.5,4534965
2022-03-22,25.3,26.0,24.0,24.05,19650925
2022-03-23,24.45,24.8,23.75,24.25,3258434
2022-03-24,24.35,25.65,24.3,24.5,14422624
2022-03-25,24.3,25.0,23.8,24.6,6236063
2022-03-28,24.0,26.15,24.0,24.8,27141009
2022-03-29,24.45,24.8,24.0,24.35,2240214
2022-03-30,24.25,24.4,23.6,24.05,2253035
2022-03-31,24.05,24.3,23.4,23.45,3112264
2022-04-01,23.35,23.5,22.9,23.15,951821
2022-04-06,23.15,23.45,23.0,23.05,708971
2022-04-07,22.9,25.0,22.7,23.05,4435499
2022-04-08,23.6,24.05,23.4,23.7,1901684
2022-04-11,24.15,24.7,23.55,23.65,2932182
2022-04-12,23.45,24.2,23.2,23.25,2379108
2022-04-13,23.6,25.55,23.35,25.55,16046154
2022-04-14,25.5,25.9,24.05,24.15,11493004
2022-04-15,24.15,24.75,23.7,23.85,3759192
2022-04-18,24.1,24.25,23.2,23.55,1376401
2022-04-19,23.85,24.3,23.55,23.55,1235819
2022-04-20,24.3,24.3,23.25,23.4,717718
2022-04-21,23.7,24.2,23.3,23.45,2881162
2022-04-22,23.65,24.35,23.5,23.5,2438389
2022-04-25,23.1,23.2,22.15,22.15,1335800
2022-04-26,22.3,22.55,21.05,21.2,1357257
2022-04-27,20.1,21.15,20.1,20.8,982899
2022-04-28,21.3,21.35,20.8,21.0,672330
2022-04-29,21.4,21.4,20.85,20.95,422368
2022-05-03,20.95,23.0,20.2,21.55,25034032
2022-05-04,21.35,21.8,21.2,21.5,1397758
2022-05-05,22.0,22.1,21.45,21.45,727884
2022-05-06,21.1,21.1,20.55,20.6,452138
2022-05-09,20.4,20.8,19.5,19.6,569160
2022-05-10,19.4,20.2,18.8,19.95,654316
2022-05-11,19.95,20.25,19.55,19.55,311538
2022-05-12,19.55,19.65,18.3,18.6,497470
2022-05-13,19.0,19.45,18.8,19.05,914527
2022-05-16,19.2,19.45,18.9,19.25,417670
2022-05-17,19.3,19.65,19.1,19.4,229047
2022-05-18,19.5,19.95,19.45,19.8,363211
2022-05-19,19.1,19.3,18.8,19.2,374331
2022-05-20,19.4,19.65,19.25,19.3,326750
2022-05-23,19.45,19.85,19.45,19.55,255042
2022-05-24,19.6,19.75,19.0,19.2,566051
2022-05-25,19.25,19.35,19.0,19.05,211363
2022-05-26,19.4,19.4,18.8,18.8,156149
2022-05-27,18.85,19.0,18.8,18.8,109463
2022-05-30,19.0,19.1,18.8,18.95,127378
2022-05-31,18.95,18.95,18.45,18.6,237730
2022-06-01,18.6,18.85,18.55,18.55,153163
2022-06-02,18.65,19.25,18.3,19.25,212284
2022-06-06,19.25,19.25,18.85,19.15,379112
2022-06-07,19.25,19.25,18.9,18.9,127482
2022-06-08,18.9,19.05,18.7,18.7,98112
2022-06-09,18.7,18.85,18.55,18.55,155044
2022-06-10,18.45,18.45,18.25,18.25,165175
2022-06-13,18.1,18.1,17.55,17.8,269467
2022-06-14,17.75,17.8,17.0,17.45,276630
2022-06-15,17.45,18.1,17.45,17.7,244474
2022-06-16,18.1,18.1,17.0,17.0,181512
2022-06-17,16.8,17.5,16.8,17.15,361059
2022-06-20,17.25,17.25,15.8,15.85,488201
2022-06-21,16.2,17.15,16.0,17.05,668839
2022-06-22,16.95,16.95,16.1,16.1,289509
2022-06-23,16.1,16.5,15.9,16.35,301375
2022-06-24,16.4,16.65,16.1,16.25,175120
2022-06-27,16.25,16.85,16.25,16.6,193095
2022-06-28,16.5,16.5,16.2,16.3,171169
2022-06-29,16.3,16.3,15.9,16.0,191363
2022-06-30,16.1,16.1,15.4,15.6,237962
2022-07-01,15.7,15.7,14.15,14.15,351395
2022-07-04,14.4,15.15,14.3,15.0,375291
2022-07-05,15.3,15.65,15.05,15.45,244164
2022-07-06,15.45,15.45,14.45,14.5,264955
2022-07-07,14.6,15.25,14.45,15.15,273219
2022-07-08,15.2,16.2,15.2,15.4,612391
2022-07-11,15.6,15.7,15.25,15.55,153556
2022-07-12,15.35,15.4,14.55,14.7,200301
2022-07-13,15.05,15.3,14.9,15.1,87021
2022-07-14,15.2,15.25,14.65,15.0,164101
2022-07-15,15.35,15.35,14.7,14.7,140264
2022-07-18,15.05,15.05,14.85,14.95,94110
2022-07-19,15.1,15.45,15.1,15.2,173205
2022-07-20,15.25,15.3,15.0,15.0,204060
2022-07-21,15.2,15.2,14.65,14.9,143173
2022-07-22,14.9,14.95,14.7,14.7,152550
2022-07-25,14.7,15.0,14.6,14.7,164235
2022-07-26,14.85,14.95,14.4,14.5,171035
2022-07-27,14.65,14.65,14.5,14.6,58015
2022-07-28,14.55,14.9,14.4,14.45,141289
2022-07-29,14.55,14.55,14.3,14.4,102200
2022-08-01,14.5,15.8,14.45,15.8,1854065
2022-08-02,15.5,15.9,15.0,15.0,1871518
2022-08-03,15.2,15.2,14.4,14.4,455691
2022-08-04,14.3,14.7,14.2,14.45,312320
2022-08-05,14.7,14.95,14.7,14.7,236067
2022-08-08,14.8,14.8,14.2,14.4,358092
2022-08-09,14.4,14.5,14.3,14.35,223290
2022-08-10,14.35,14.5,14.25,14.3,149002
2022-08-11,14.5,14.5,14.4,14.45,153355
2022-08-12,14.5,15.6,14.5,14.8,1179769
2022-08-15,14.8,15.45,14.8,15.2,679189
2022-08-16,15.2,15.3,14.85,14.9,210276
2022-08-17,15.1,16.2,15.1,15.25,1656864
2022-08-18,15.25,15.85,15.15,15.45,600959
2022-08-19,15.45,15.65,15.3,15.4,297051
2022-08-22,15.3,15.3,15.2,15.25,115068
2022-08-23,15.25,15.25,15.1,15.2,133445
2022-08-24,15.15,15.65,15.15,15.15,239705
2022-08-25,15.25,15.4,15.05,15.1,208079
2022-08-26,15.3,15.4,15.15,15.25,176000
2022-08-29,14.9,14.9,14.6,14.8,270065
2022-08-30,14.95,15.0,14.8,14.8,83123
2022-08-31,14.8,14.9,14.65,14.9,154097
2022-09-01,14.95,14.95,14.6,14.6,130075
2022-09-02,14.75,14.9,14.5,14.5,177057
2022-09-05,14.55,14.6,14.35,14.4,171000
2022-09-06,14.6,14.75,14.1,14.1,187124
2022-09-07,14.15,15.2,14.15,14.25,590508
2022-09-08,14.5,14.8,14.4,14.75,288028
2022-09-12,15.05,15.15,14.8,14.95,216169
2022-09-13,14.9,15.0,14.85,14.9,95002
2022-09-14,14.45,14.7,14.1,14.65,97000
2022-09-15,14.9,14.9,14.6,14.75,94208
2022-09-16,14.65,14.75,14.55,14.6,70380
2022-09-19,15.15,15.5,14.6,14.65,454166
2022-09-20,14.85,14.9,14.5,14.6,118053
2022-09-21,14.6,15.05,14.5,14.55,190000
2022-09-22,14.35,14.5,14.35,14.45,42001
2022-09-23,14.75,14.85,14.2,14.2,134017
2022-09-26,14.1,14.1,13.1,13.1,261869
2022-09-27,13.1,13.3,12.85,13.05,264156
2022-09-28,13.0,13.2,12.05,12.05,177343
2022-09-29,12.2,12.45,12.2,12.3,138000
2022-09-30,12.1,12.6,11.85,12.45,138023
2022-10-03,12.25,13.15,12.25,12.8,118110
2022-10-04,13.2,13.3,12.85,13.0,165000
2022-10-05,13.2,13.3,13.05,13.05,143000
2022-10-06,13.15,13.25,13.05,13.2,118002
2022-10-07,13.25,13.25,13.1,13.2,57395
2022-10-11,13.0,13.15,12.5,12.65,162460
2022-10-12,12.45,12.8,12.3,12.65,130030
2022-10-13,12.8,12.8,11.4,11.55,239615
2022-10-14,11.7,12.5,11.7,11.95,177050
2022-10-17,11.65,12.7,11.35,12.45,130280
2022-10-18,12.45,12.7,12.2,12.3,107000
2022-10-19,12.5,12.6,12.3,12.3,131000
2022-10-20,12.05,12.3,11.95,12.0,86142
2022-10-21,12.05,12.2,12.0,12.0,70000
2022-10-24,12.2,12.5,12.2,12.35,124221
2022-10-25,12.35,12.5,12.1,12.25,91152
2022-10-26,12.25,12.4,12.15,12.25,81270
2022-10-27,12.3,12.45,12.3,12.4,68210
2022-10-28,12.15,12.3,12.1,12.2,42080
2022-10-31,12.35,12.35,12.15,12.25,55001
2022-11-01,12.3,12.6,12.15,12.35,93073
2022-11-02,12.5,12.5,12.35,12.4,64160
2022-11-03,12.4,12.45,12.3,12.45,49150
2022-11-04,12.35,12.5,12.35,12.5,93298
2022-11-07,12.75,13.35,12.7,13.05,305000
2022-11-08,13.3,13.3,12.9,12.9,126015
2022-11-09,13.05,13.2,12.9,12.9,98165
2022-11-10,12.85,12.95,12.75,12.8,72001
2022-11-11,13.0,13.1,12.75,12.75,126001
2022-11-14,13.0,13.75,13.0,13.35,425067
2022-11-15,13.65,13.7,13.4,13.45,300167
2022-11-16,13.65,13.95,13.35,13.35,244190
2022-11-17,13.5,13.6,13.4,13.5,82019
2022-11-18,13.5,13.55,13.25,13.55,120049
2022-11-21,13.7,13.7,13.4,13.5,59070
2022-11-22,13.55,13.6,13.45,13.5,83107
2022-11-23,13.5,13.6,13.4,13.4,86010
2022-11-24,13.4,13.55,13.4,13.5,82310
2022-11-25,13.55,13.85,13.45,13.45,126350
2022-11-28,13.45,13.45,13.3,13.4,42000
2022-11-29,13.45,13.55,13.45,13.55,75001
2022-11-30,13.5,13.55,13.45,13.55,110293
2022-12-01,13.65,13.75,13.55,13.6,128133
2022-12-02,13.7,14.1,13.7,13.8,252375
2022-12-05,13.7,14.05,13.7,13.95,116656
2022-12-06,14.1,14.1,13.65,13.7,52158
2022-12-07,13.7,13.85,13.5,13.5,87000
2022-12-08,13.45,13.5,13.4,13.4,54177
2022-12-09,13.55,13.55,13.4,13.45,65100
2022-12-12,13.45,13.7,13.25,13.45,436008
2022-12-13,13.6,14.75,13.5,14.75,1666126
2022-12-14,15.05,15.2,14.2,14.35,1434370
2022-12-15,14.35,15.75,14.2,15.75,3845682
2022-12-16,15.7,16.2,15.25,15.65,2093187
2022-12-19,15.5,15.55,14.7,14.75,719654
2022-12-20,14.75,16.15,14.75,15.15,1417409
2022-12-21,15.4,16.65,15.4,16.65,1690572
2022-12-22,16.6,17.1,16.2,16.7,4134836
2022-12-23,16.6,16.95,16.15,16.7,1350214
2022-12-26,17.35,17.45,16.2,16.2,1125880
2022-12-27,16.2,16.6,15.6,15.75,2809459
2022-12-28,15.9,16.9,15.9,16.1,2272077
2022-12-29,16.4,16.6,15.9,15.9,712888
2022-12-30,16.1,16.9,15.75,15.75,1658578
2023-01-03,16.0,16.05,15.7,15.75,436079
2023-01-04,16.05,16.1,15.5,15.5,438445
2023-01-05,15.65,15.75,15.3,15.35,631551
2023-01-06,15.35,15.45,15.1,15.2,364654
2023-01-09,15.4,15.55,15.1,15.2,423616
2023-01-10,15.3,15.45,15.15,15.15,303111
2023-01-11,15.35,15.75,15.25,15.25,435176
2023-01-12,15.45,16.2,15.35,15.45,1326221
2023-01-13,15.45,15.7,15.1,15.1,496725
2023-01-16,15.25,16.15,15.25,15.5,2710468
2023-01-17,15.65,15.65,15.3,15.4,467202
2023-01-30,15.8,15.8,15.5,15.6,388011
2023-01-31,15.75,16.3,15.6,15.9,1110704
2023-02-01,16.15,16.45,15.9,16.0,860376
2023-02-02,16.1,16.1,15.8,15.85,394007
2023-02-03,15.8,15.95,15.6,15.7,232186
2023-02-06,15.75,16.0,15.7,15.85,291325
2023-02-07,15.85,16.25,15.75,16.05,474578
2023-02-08,16.15,16.15,15.8,15.8,283462
2023-02-09,15.8,15.8,15.65,15.7,165010
2023-02-10,15.7,15.75,15.3,15.3,430758
2023-02-13,15.2,15.3,14.6,15.3,487487
2023-02-14,15.4,15.5,15.3,15.3,101089
2023-02-15,15.2,15.4,15.0,15.1,190768
2023-02-16,15.45,15.8,15.25,15.3,552249
2023-02-17,15.3,15.4,15.25,15.25,181309
2023-02-20,15.25,15.75,15.2,15.7,519729
2023-02-21,15.7,16.0,15.65,15.85,332600
2023-02-22,15.8,15.8,15.55,15.65,208057
2023-02-23,15.8,16.4,15.6,16.2,1087917
2023-02-24,16.2,16.2,15.95,16.2,372450
2023-03-01,16.2,16.2,15.65,15.65,242224
2023-03-02,15.75,15.85,15.6,15.6,157339
2023-03-03,15.75,15.95,15.7,15.85,182057
2023-03-06,16.0,16.2,15.9,16.0,325300
2023-03-07,16.15,16.3,16.05,16.1,302007
2023-03-08,16.0,16.3,16.0,16.2,180012
2023-03-09,16.25,16.3,15.95,16.0,310457
2023-03-10,16.0,16.0,15.6,15.7,179208
2023-03-13,15.45,15.8,15.25,15.7,240883
2023-03-14,15.7,15.85,15.5,15.5,83008
2023-03-15,15.8,15.8,15.4,15.4,104112
2023-03-16,15.3,15.35,14.8,14.8,301068
2023-03-17,15.3,15.6,15.15,15.35,410479
2023-03-20,15.35,15.5,15.2,15.4,162451
2023-03-21,15.75,15.75,15.35,15.35,166558
2023-03-22,15.55,15.65,15.45,15.45,119525
2023-03-23,15.45,15.6,15.35,15.45,91007
2023-03-24,15.45,15.75,15.45,15.7,242205
2023-03-27,16.05,16.25,15.75,16.05,447088
2023-03-28,16.1,16.25,15.75,15.75,143154
2023-03-29,15.8,16.0,15.7,15.75,91105
2023-03-30,16.0,16.0,15.7,15.95,87239
2023-03-31,15.95,16.25,15.8,16.25,172156
2023-04-06,16.25,16.25,15.9,16.05,136092
2023-04-07,16.05,16.05,15.75,15.75,120112
2023-04-10,16.1,16.1,15.75,15.85,132239
2023-04-11,15.95,16.0,15.75,15.75,68074
2023-04-12,15.7,15.95,15.7,15.85,93000
2023-04-13,15.85,16.05,15.8,15.9,165023
2023-04-14,15.8,15.9,15.75,15.85,158032
2023-04-17,15.85,16.65,15.7,16.65,560121
2023-04-18,16.9,17.4,16.35,16.35,945394
2023-04-19,16.5,16.7,16.25,16.3,189493
2023-04-20,16.3,16.3,15.9,15.95,318267
2023-04-21,15.95,15.95,15.55,15.65,203226
2023-04-24,15.65,15.8,15.55,15.6,266007
2023-04-25,15.6,15.7,15.1,15.2,278447
2023-04-26,15.05,15.35,15.05,15.3,63100
2023-04-27,15.3,15.5,15.2,15.5,88057
2023-04-28,15.8,15.9,15.4,15.4,143158
2023-05-02,15.6,15.6,15.35,15.35,85982
2023-05-03,15.3,15.3,15.15,15.2,83002
2023-05-04,15.3,15.3,15.1,15.2,105637
2023-05-05,15.25,15.3,15.2,15.2,81000
2023-05-08,15.3,15.35,15.2,15.2,98000
2023-05-09,15.2,15.4,15.05,15.35,151026
2023-05-10,15.3,15.3,15.15,15.2,56276
2023-05-11,15.15,15.15,14.85,14.85,161255
2023-05-12,15.15,15.15,14.8,14.9,62272
2023-05-15,14.9,15.0,14.75,14.9,89111
2023-05-16,14.9,15.2,14.9,15.0,86710
2023-05-17,15.1,15.4,15.05,15.25,152200
2023-05-18,15.25,15.3,15.15,15.15,82191
2023-05-19,15.1,15.2,15.0,15.0,129768
2023-05-22,15.1,15.2,15.0,15.05,75254
2023-05-23,15.2,15.35,15.1,15.35,70000
2023-05-24,15.3,15.45,15.3,15.45,69146
2023-05-25,15.5,15.5,15.3,15.35,82361
2023-05-26,15.35,15.35,15.0,15.1,69007
2023-05-29,15.2,15.3,15.1,15.1,57288
2023-05-30,15.05,15.25,15.05,15.1,46010
2023-05-31,15.1,15.3,15.1,15.15,68018
2023-06-01,15.1,15.3,15.05,15.1,45007
2023-06-02,15.25,15.25,15.0,15.05,106386
2023-06-05,15.05,15.65,15.05,15.3,194050
2023-06-06,15.3,15.4,15.15,15.25,57428
2023-06-07,15.25,15.35,15.2,15.2,57509
2023-06-08,15.2,15.2,15.05,15.05,69112
2023-06-09,15.1,15.95,15.05,15.95,154516
2023-06-12,15.85,15.85,15.25,15.35,201289
2023-06-13,15.45,15.45,14.9,15.1,214787
2023-06-14,15.2,15.25,15.1,15.1,84057
2023-06-15,15.1,15.15,15.05,15.1,68219
2023-06-16,15.1,15.3,15.0,15.1,83143
2023-06-19,15.15,15.2,15.1,15.1,74007
2023-06-20,15.3,15.3,15.0,15.05,78007
2023-06-21,15.0,15.15,14.8,14.8,208000
2023-06-26,14.8,15.2,14.8,15.2,99223
2023-06-27,15.2,15.2,15.0,15.05,63090
2023-06-28,15.1,15.25,15.0,15.05,86045
2023-06-29,15.1,15.25,15.1,15.1,78200
2023-06-30,15.2,15.2,14.95,15.0,50000
2023-07-03,15.0,15.05,14.95,15.0,54196
2023-07-04,15.05,15.15,15.0,15.0,56300
2023-07-05,15.0,15.05,14.9,14.9,61029
2023-07-06,15.0,15.0,14.75,14.8,165136
2023-07-07,14.65,14.75,14.6,14.75,93338
2023-07-10,14.85,14.95,14.3,14.35,156151
2023-07-11,14.4,14.6,14.0,14.1,202032
2023-07-12,14.1,14.1,13.85,13.95,143570
2023-07-13,14.0,14.2,13.95,13.95,73482
2023-07-14,14.3,14.3,14.05,14.05,46644
2023-07-17,14.05,14.1,13.85,13.95,67361
2023-07-18,13.95,14.3,13.95,14.3,230097
2023-07-19,14.1,14.4,14.05,14.05,53150
2023-07-20,14.05,14.4,14.0,14.4,66100
2023-07-21,14.25,14.4,14.05,14.05,49135
2023-07-24,14.05,14.6,14.05,14.45,82051
2023-07-25,14.3,14.55,14.3,14.5,103170
2023-07-26,14.5,15.2,14.5,14.9,241008
2023-07-27,15.15,15.25,15.1,15.15,220021
2023-07-28,15.15,15.55,15.1,15.55,159089
2023-07-31,15.5,15.5,15.1,15.15,122393
2023-08-01,15.35,15.35,15.1,15.1,51131
2023-08-02,15.15,15.75,15.15,15.2,518571
2023-08-04,15.2,15.35,15.15,15.2,66307
2023-08-07,15.3,15.35,15.15,15.15,78009
2023-08-08,15.2,15.2,15.05,15.1,57137
2023-08-09,15.1,15.1,15.05,15.05,60559
2023-08-10,14.85,14.9,14.75,14.8,51001
2023-08-11,14.6,14.6,14.3,14.35,125338
2023-08-14,14.35,14.35,13.85,14.1,286898
2023-08-15,14.1,14.4,14.1,14.25,70180
2023-08-16,14.1,14.3,14.0,14.2,73752
2023-08-17,14.05,14.4,14.05,14.35,44098
2023-08-18,14.3,14.55,14.0,14.0,124001
2023-08-21,14.1,14.4,14.1,14.25,86029
2023-08-22,14.25,14.35,14.25,14.3,34847
2023-08-23,14.45,14.45,14.2,14.25,20001
2023-08-24,14.2,14.3,14.2,14.25,22388
2023-08-25,14.2,14.35,14.15,14.25,26060
2023-08-28,14.15,14.45,14.05,14.3,46665
2023-08-29,14.15,14.3,14.15,14.2,20000
2023-08-30,14.45,14.45,14.25,14.3,26064
2023-08-31,14.3,14.35,14.2,14.2,28181
2023-09-01,14.2,14.4,14.2,14.35,29011
2023-09-04,14.35,14.9,14.3,14.55,82122
2023-09-05,14.45,14.45,14.3,14.3,27051
2023-09-06,14.3,14.3,14.0,14.1,159165
2023-09-07,14.1,14.2,14.1,14.15,69014
2023-09-08,14.15,14.15,14.05,14.1,29045
2023-09-11,14.1,14.15,14.1,14.1,47001
2023-09-12,14.15,14.15,14.0,14.1,46000
2023-09-13,14.05,14.2,14.05,14.15,79056
2023-09-14,14.15,14.2,14.1,14.2,25166
2023-09-15,14.2,14.45,14.2,14.45,86435
2023-09-18,14.3,14.75,14.3,14.75,84007
2023-09-19,14.75,14.85,14.5,14.6,95376
2023-09-20,14.55,14.6,14.55,14.6,22000
2023-09-21,14.5,14.6,14.5,14.5,35047
2023-09-22,14.7,15.5,14.45,15.5,131039
2023-09-25,15.3,15.3,15.1,15.1,613260
2023-09-26,15.05,15.05,14.6,14.8,80209
2023-09-27,14.95,15.0,14.65,14.8,42871
2023-09-28,14.8,15.3,14.8,14.85,63000
2023-10-02,14.75,14.9,14.65,14.7,110559
2023-10-03,14.7,14.8,14.7,14.7,14000
2023-10-04,14.5,14.5,14.2,14.25,57062
2023-10-05,14.3,14.6,14.3,14.35,33141
2023-10-06,14.3,14.4,14.0,14.0,96157
2023-10-11,14.15,14.35,14.05,14.3,91424
2023-10-12,14.4,14.5,14.15,14.45,138284
2023-10-13,14.35,14.5,14.25,14.5,64222
2023-10-16,14.35,14.65,14.35,14.5,119117
2023-10-17,14.45,14.75,14.4,14.55,66641
2023-10-18,14.5,14.65,14.45,14.45,20192
2023-10-19,14.6,14.6,14.3,14.35,22447
2023-10-20,14.2,14.4,14.2,14.4,19010
2023-10-23,14.4,14.55,14.4,14.5,66155
2023-10-24,14.3,14.6,14.3,14.55,26109
2023-10-25,14.75,15.0,14.7,14.8,140400
2023-10-26,14.8,15.15,14.8,15.0,138260
2023-10-27,15.2,15.35,14.8,15.35,118788
2023-10-30,15.3,15.3,15.05,15.05,16046
2023-10-31,14.8,14.8,14.7,14.7,20061
2023-11-01,14.65,14.9,14.6,14.9,12285
2023-11-02,14.9,14.9,14.75,14.85,11151
2023-11-03,15.05,15.05,14.45,14.45,100050
2023-11-06,14.55,14.55,14.35,14.55,55797
2023-11-07,14.45,14.45,14.35,14.45,22685
2023-11-08,14.45,14.45,14.4,14.4,25006
2023-11-09,14.55,14.55,14.25,14.35,54611
2023-11-10,14.3,14.4,14.3,14.35,44033
2023-11-13,14.5,14.5,14.4,14.4,15000
2023-11-14,14.4,14.55,14.4,14.5,39000
2023-11-15,14.5,14.65,14.45,14.65,17180
2023-11-16,14.8,15.1,14.7,14.9,137166
2023-11-17,14.8,14.9,14.7,14.9,15007
2023-11-20,14.85,15.0,14.7,14.95,92436
2023-11-21,14.95,15.15,14.95,15.1,646257
2023-11-22,15.1,15.1,14.95,15.05,22436
2023-11-23,14.95,15.1,14.95,15.0,13050
2023-11-24,14.95,15.0,14.95,14.95,38257
2023-11-27,14.75,14.9,14.75,14.9,17139
2023-11-28,14.75,15.1,14.75,15.05,46008
2023-11-29,14.95,15.15,14.95,15.15,62574
2023-11-30,15.0,15.1,15.0,15.1,23329
2023-12-01,15.05,15.15,15.05,15.1,33058
2023-12-04,15.1,15.25,14.95,15.25,98007
2023-12-05,15.15,15.2,15.0,15.0,45042
2023-12-06,15.05,15.25,15.05,15.15,34177
2023-12-07,15.15,15.25,15.0,15.2,115445
2023-12-08,15.2,15.3,15.15,15.25,24648
2023-12-11,15.2,15.25,15.15,15.2,70500
2023-12-12,15.1,15.3,15.0,15.3,69600
2023-12-13,15.15,15.3,15.15,15.25,38018
2023-12-14,15.25,15.4,15.25,15.4,88107
2023-12-15,15.5,16.9,15.5,16.85,2716058
2023-12-18,16.8,17.6,16.0,16.1,3088492
2023-12-19,16.55,17.7,16.0,17.25,3707862
2023-12-20,17.25,18.95,17.2,18.95,6947889
2023-12-21,20.2,20.8,19.05,19.25,9140535
2023-12-22,18.85,19.05,18.05,18.3,2315364
2023-12-25,19.2,19.95,18.55,18.7,3912716
2023-12-26,19.3,19.9,18.9,18.9,2678642
2023-12-27,19.5,19.55,18.3,18.45,1542038
2023-12-28,18.5,18.65,18.1,18.15,730477
2023-12-29,18.4,18.4,18.05,18.05,450629
2024-01-02,18.2,18.2,17.65,17.65,389388
2024-01-03,17.8,17.8,17.3,17.3,260970
2024-01-04,17.3,19.0,17.3,19.0,2016193
2024-01-05,19.0,19.4,18.25,18.3,1463313
2024-01-08,18.15,18.35,18.05,18.05,298738
2024-01-09,18.1,18.2,17.55,17.65,359363
2024-01-10,17.6,17.6,17.25,17.25,201865
2024-01-11,17.25,17.45,17.2,17.2,183691
2024-01-12,17.15,17.8,16.7,17.15,687805
2024-01-15,17.2,17.45,17.15,17.2,164704
2024-01-16,17.4,17.4,16.65,16.65,290404
2024-01-17,16.55,16.65,15.8,15.85,594696
2024-01-18,15.9,16.1,15.75,15.95,141262
2024-01-19,16.4,16.4,15.9,16.05,139619
2024-01-22,16.1,16.2,15.8,16.1,161910
2024-01-23,16.25,16.35,16.1,16.3,90000
2024-01-24,16.3,16.9,16.3,16.6,186262
2024-01-25,16.85,16.85,16.4,16.45,135297
2024-01-26,16.6,16.6,16.3,16.35,96110
2024-01-29,16.35,17.0,16.35,16.75,149952
2024-01-30,16.95,17.2,16.55,16.7,214229
2024-01-31,16.9,16.9,16.55,16.6,78142
2024-02-01,16.55,16.7,16.5,16.55,60066
2024-02-02,16.6,16.6,16.15,16.15,130919
2024-02-05,16.15,16.25,16.0,16.1,115351
2024-02-15,16.1,16.3,16.05,16.3,87747
2024-02-16,16.6,16.75,16.5,16.6,136442
2024-02-19,16.8,17.4,16.8,17.15,211626
2024-02-20,17.5,17.5,17.0,17.0,141994
2024-02-21,17.2,17.2,16.95,17.0,184206
2024-02-22,17.25,17.4,16.95,16.95,159379
2024-02-23,17.25,17.25,16.95,17.0,179463
2024-02-26,17.0,17.2,17.0,17.0,148130
2024-02-27,17.1,17.1,16.6,16.7,215348
2024-02-29,17.2,17.2,16.85,16.9,95094
2024-03-01,16.95,16.95,16.75,16.75,40296
2024-03-04,16.75,17.0,16.65,16.65,59651
2024-03-05,16.65,16.7,16.45,16.5,96723
2024-03-06,16.45,16.6,16.2,16.25,243269
2024-03-07,16.25,16.25,16.0,16.0,92575
2024-03-08,16.0,16.05,15.8,15.95,115382
2024-03-11,16.0,16.05,15.85,16.0,37057
2024-03-12,16.0,16.0,15.8,15.95,96383
2024-03-13,15.9,15.9,15.45,15.45,105094
2024-03-14,15.4,16.95,15.4,16.95,865504
2024-03-15,17.2,17.4,16.0,16.0,1162349
2024-03-18,16.0,16.3,16.0,16.0,137108
2024-03-19,16.0,16.1,15.75,15.8,151590
2024-03-20,15.8,15.85,15.7,15.7,99108
2024-03-21,15.9,16.0,15.8,15.8,89150
2024-03-22,15.8,16.0,15.7,15.95,111021
2024-03-25,16.0,16.0,15.8,15.8,41223
2024-03-26,15.8,16.0,15.8,15.8,107298
2024-03-27,15.8,16.15,15.8,15.95,59067
2024-03-28,16.2,16.4,16.1,16.1,64014
2024-03-29,16.15,16.2,16.0,16.0,57481
2024-04-01,16.0,16.7,15.9,16.25,53036
2024-04-02,16.35,16.5,16.05,16.5,105210
2024-04-03,17.2,17.8,16.3,16.3,959480
2024-04-08,16.5,16.95,16.5,16.8,413687
2024-04-09,16.8,18.0,16.65,17.45,2621473
2024-04-10,18.0,18.0,17.1,17.7,959408
2024-04-11,17.55,17.75,17.3,17.35,479645
2024-04-12,17.6,18.3,17.45,18.3,887307
2024-04-15,18.3,19.05,18.05,18.05,1140377
2024-04-16,18.15,18.15,17.0,17.05,437979
2024-04-17,17.35,18.15,17.25,17.95,344181
2024-04-18,18.15,18.8,17.5,17.8,1057073
2024-04-19,17.8,18.1,17.2,17.5,264369
2024-04-22,17.7,17.7,16.95,17.15,221473
2024-04-23,17.3,17.75,17.15,17.2,151382
2024-04-24,17.3,17.35,16.95,17.15,161599
2024-04-25,17.15,17.25,16.8,16.9,125556
2024-04-26,16.9,16.95,16.6,16.65,209723
2024-04-29,16.7,17.3,16.7,17.05,160656
2024-04-30,17.05,17.1,16.6,16.7,201474
2024-05-02,16.75,16.8,16.5,16.65,89368
2024-05-03,16.65,16.85,16.55,16.6,86115
2024-05-06,16.8,16.8,16.5,16.65,113087
2024-05-07,16.65,16.65,16.25,16.3,136129
2024-05-08,16.45,16.55,16.3,16.35,113329
2024-05-09,16.4,16.45,16.3,16.3,128019
2024-05-10,16.3,16.4,16.1,16.2,108806
2024-05-13,16.2,16.4,16.2,16.25,90124
2024-05-14,16.3,16.35,16.1,16.15,77482
2024-05-15,16.3,16.4,16.1,16.1,97254
2024-05-16,16.2,16.4,16.1,16.15,184322
2024-05-17,16.3,16.55,16.1,16.2,162101
2024-05-20,16.25,17.25,16.25,16.8,895202
2024-05-21,16.9,16.9,16.45,16.55,229700
2024-05-22,16.65,16.65,16.4,16.4,144839
2024-05-23,16.35,16.35,15.95,16.1,356548
2024-05-24,16.0,16.1,15.8,16.05,100393
2024-05-27,16.3,16.3,15.95,16.05,135783
2024-05-28,16.0,16.3,16.0,16.25,137134
2024-05-29,16.25,16.25,15.95,16.0,242899
2024-05-30,15.95,16.0,15.8,15.85,183220
2024-05-31,15.95,16.15,15.85,15.95,160145
2024-06-03,15.9,16.0,15.8,15.9,122131
2024-06-04,15.95,16.0,15.75,15.75,134015
2024-06-05,15.9,15.9,15.65,15.65,117098
2024-06-06,15.8,15.8,15.4,15.45,216444
2024-06-07,15.45,15.85,15.45,15.75,176473
2024-06-11,15.7,15.75,15.45,15.45,85209
2024-06-12,15.55,15.55,15.15,15.15,133543
2024-06-13,15.2,15.25,15.1,15.2,75019
2024-06-14,15.25,15.85,15.15,15.65,203283
2024-06-17,15.8,15.9,15.65,15.85,175262
2024-06-18,15.95,16.2,15.7,16.0,198771
2024-06-19,16.0,16.05,15.5,15.6,253384
2024-06-20,15.65,15.65,15.5,15.5,133563
2024-06-21,15.6,15.8,15.5,15.75,149445
2024-06-24,15.55,15.7,15.4,15.45,110301
2024-06-25,15.55,15.55,15.25,15.35,120650
2024-06-26,15.35,15.4,15.3,15.3,90000
2024-06-27,15.25,15.35,15.2,15.35,122157
2024-06-28,15.35,15.4,15.25,15.3,100328
2024-07-01,15.4,15.6,15.15,15.5,180750
2024-07-02,15.5,15.5,15.2,15.2,79021
2024-07-03,15.25,15.4,15.25,15.35,108026
2024-07-04,15.3,15.85,15.3,15.8,183458
2024-07-05,15.75,16.1,15.5,16.05,342678
2024-07-08,16.05,16.05,15.7,15.75,141190
2024-07-09,15.7,15.7,15.4,15.4,131230
2024-07-10,15.5,15.8,15.5,15.6,103355
2024-07-11,15.6,15.9,15.5,15.8,111021
2024-07-12,15.9,16.05,15.75,16.0,144048
2024-07-15,16.05,16.2,15.7,15.8,154670
2024-07-16,15.75,15.9,15.7,15.75,103400
2024-07-17,15.85,16.05,15.8,15.8,172473
2024-07-18,15.8,16.15,15.65,15.8,176984
2024-07-19,15.85,15.85,15.25,15.3,149793
2024-07-22,15.3,15.7,15.1,15.6,225866
2024-07-23,15.55,15.65,15.3,15.45,128391
2024-07-26,15.45,15.5,15.2,15.4,157063
2024-07-29,15.25,15.3,15.2,15.25,96225
2024-07-30,15.25,15.55,15.05,15.5,171175
2024-07-31,15.3,15.5,15.25,15.45,73002
2024-08-01,15.55,15.8,15.25,15.65,241500
2024-08-02,15.5,15.5,15.3,15.45,151300
2024-08-05,15.1,15.1,14.1,14.1,229222
2024-08-06,14.15,14.2,13.9,14.1,199618
2024-08-07,14.15,14.65,14.1,14.6,125100
2024-08-08,14.7,14.7,14.35,14.5,135150
2024-08-09,14.6,15.0,14.6,14.95,160400
2024-08-12,14.8,15.6,14.8,15.4,166001
2024-08-13,15.0,15.8,15.0,15.6,406322
2024-08-14,15.6,16.6,15.5,16.25,969341
2024-08-15,16.35,17.35,16.35,16.95,1121164
2024-08-16,17.15,17.2,16.8,16.95,591450
2024-08-19,16.9,17.15,16.85,17.0,266100
2024-08-20,16.95,17.0,16.9,16.9,136954
2024-08-21,16.7,17.25,16.7,16.9,186051
2024-08-22,16.9,17.0,16.8,16.8,67682
2024-08-23,16.6,16.95,16.5,16.7,102534
2024-08-26,16.95,16.95,16.65,16.7,38376
2024-08-27,16.55,16.6,16.4,16.45,93072
2024-08-28,16.4,16.45,15.85,16.45,91148
2024-08-29,16.35,16.35,16.05,16.2,37134
2024-08-30,16.5,17.7,16.45,16.85,523332
2024-09-02,17.35,17.35,16.7,16.7,155634
2024-09-03,16.4,16.75,16.4,16.6,61448
2024-09-04,15.7,16.2,15.7,15.8,82231
2024-09-05,15.7,15.85,15.7,15.7,40565
2024-09-06,15.45,15.7,15.35,15.35,64994
2024-09-09,15.25,15.35,15.0,15.35,60043
2024-09-10,15.4,15.4,15.2,15.2,35485
2024-09-11,15.2,15.2,15.15,15.2,22007
2024-09-12,15.25,16.0,15.25,16.0,75234
2024-09-13,16.25,17.6,16.2,17.6,891449
2024-09-16,19.35,19.35,18.4,19.35,6473742
2024-09-18,19.0,21.25,19.0,21.25,15463095
2024-09-19,20.8,23.1,19.2,22.55,14594202
2024-09-20,22.55,23.0,21.55,21.85,3492057
2024-09-23,21.85,22.1,21.7,22.1,873153
2024-09-24,22.85,22.85,22.0,22.3,441957
2024-09-25,23.0,23.0,22.05,22.05,318075
2024-09-26,22.65,22.65,21.25,22.55,647096
2024-09-27,22.55,23.5,22.3,23.0,1167199
2024-09-30,23.35,23.35,22.75,23.0,494837
2024-10-01,23.0,23.2,22.85,23.1,303360
2024-10-04,23.0,23.3,22.9,22.9,321372
2024-10-07,22.9,22.95,22.5,22.85,367979
2024-10-08,22.35,22.35,21.1,21.1,575315
2024-10-09,20.55,21.8,19.65,20.5,1004124
2024-10-11,19.95,20.2,18.95,20.05,784527
2024-10-14,19.85,22.05,19.8,22.05,900167
2024-10-15,22.0,24.25,22.0,24.25,2816915
2024-10-16,24.25,25.9,23.1,23.95,3655866
2024-10-17,23.95,25.1,23.8,24.0,1034672
2024-10-18,24.0,25.7,23.75,24.2,1484561
2024-10-21,24.45,25.1,24.15,25.1,1071614
2024-10-22,25.1,27.3,25.1,26.3,2541173
2024-10-23,26.6,27.5,26.45,26.75,1755204
2024-10-24,26.75,27.4,25.95,26.35,1150547
2024-10-25,26.6,26.95,25.1,25.9,944635
2024-10-28,25.7,26.1,24.8,25.3,496177
2024-10-29,24.95,26.0,24.6,25.5,386895
2024-10-30,24.9,25.5,24.8,24.8,205048
2024-11-01,24.4,25.45,24.4,24.85,254275
2024-11-04,24.95,25.6,24.9,25.2,228135
2024-11-05,25.2,25.9,25.15,25.2,370771
2024-11-06,25.25,25.85,24.55,24.7,467367
2024-11-07,25.1,27.0,24.5,24.6,967045
2024-11-08,24.65,27.05,24.65,25.65,4755658
2024-11-11,25.65,25.7,23.4,24.55,1290079
2024-11-12,24.5,25.05,23.8,24.65,403611
2024-11-13,24.6,25.3,23.65,24.8,871364
2024-11-14,25.35,26.85,24.8,26.85,2724467
2024-11-15,27.0,28.45,24.75,25.05,4619408
2024-11-18,25.3,25.9,24.6,24.8,934571
2024-11-19,25.05,25.45,24.65,25.1,433492
2024-11-20,24.9,25.3,24.5,24.5,252501
2024-11-21,24.5,24.65,24.3,24.4,179533
2024-11-22,24.5,24.6,24.1,24.1,172205
2024-11-25,24.4,24.55,23.6,23.75,183060
2024-11-26,23.75,23.75,23.0,23.2,214922
2024-11-27,23.3,23.3,22.3,22.4,173229
2024-11-28,22.5,22.75,22.05,22.35,146010
2024-11-29,22.75,23.15,22.0,23.15,130090
2024-12-02,23.15,24.55,22.8,22.8,296902
2024-12-03,22.65,23.15,22.4,22.4,194492
2024-12-04,22.75,22.8,22.35,22.45,37741
2024-12-05,22.8,22.8,22.4,22.4,73271
2024-12-06,22.8,22.8,22.1,22.35,59652
2024-12-09,22.65,24.45,22.65,22.95,713981
2024-12-10,23.4,23.8,23.0,23.1,171585
2024-12-11,23.1,23.45,22.75,23.3,99797
2024-12-12,23.75,24.6,23.2,24.55,489702
2024-12-13,24.6,25.65,24.0,25.4,791082
2024-12-16,25.55,26.4,25.5,25.5,849209
2024-12-17,25.6,26.5,23.45,23.7,1798211
2024-12-18,23.7,24.0,22.9,22.9,308949
2024-12-19,22.35,23.05,22.0,22.55,212710
2024-12-20,22.55,23.5,22.4,22.7,198919
2024-12-23,22.7,23.35,22.65,22.9,656507
2024-12-24,23.2,23.2,22.1,22.4,511333
2024-12-25,22.5,22.5,21.85,21.9,603020
2024-12-26,22.1,23.3,21.95,22.15,1311103
2024-12-27,22.3,22.45,22.15,22.2,180236
2024-12-30,22.4,22.4,22.0,22.05,85138
2024-12-31,22.05,22.5,22.05,22.4,77174
2025-01-02,22.75,23.75,22.35,22.6,717682
2025-01-03,22.9,23.5,22.6,22.85,510024
2025-01-06,22.9,23.9,22.9,23.25,911835
2025-01-07,24.0,24.0,23.1,23.5,313855
2025-01-08,23.55,23.85,23.35,23.5,239000
2025-01-09,23.5,23.9,23.35,23.55,470547
2025-01-10,23.55,23.8,23.0,23.2,368550
2025-01-13,23.25,23.5,23.0,23.2,174363
2025-01-14,23.2,23.55,23.1,23.3,80018
2025-01-15,23.45,24.95,23.45,23.55,736797
2025-01-16,23.9,24.6,23.35,23.4,370200
2025-01-17,23.45,23.85,23.2,23.2,280974
2025-01-20,23.3,23.35,22.35,22.35,454616
2025-01-21,22.45,23.15,22.4,22.5,358500
2025-01-22,22.75,23.35,22.45,22.45,701688
2025-02-03,22.4,22.6,22.05,22.1,282811
2025-02-04,22.1,22.45,21.6,21.65,122232
2025-02-05,21.7,22.35,21.7,22.25,221099
2025-02-06,22.25,22.5,21.9,21.95,103997
2025-02-07,21.75,22.1,21.4,21.9,343306
2025-02-10,21.85,24.05,21.85,23.4,1784640
2025-02-11,23.25,23.35,22.25,22.35,604473
2025-02-12,22.35,22.6,22.05,22.35,151485
2025-02-13,22.4,23.7,22.4,23.0,1056633
2025-02-14,23.3,24.0,22.9,23.0,1147162
2025-02-17,23.0,23.5,22.7,23.2,312575
2025-02-18,23.35,23.4,22.75,22.75,155417
2025-02-19,22.9,23.1,22.75,22.85,173396
2025-02-20,23.1,23.5,23.1,23.1,290680
2025-02-21,23.05,23.5,23.0,23.35,189839
2025-02-24,23.2,23.25,23.0,23.2,137441
2025-02-25,23.15,23.45,22.95,23.2,241891
2025-02-26,23.4,23.6,23.15,23.2,238553
2025-02-27,23.4,23.55,23.0,23.1,250011
2025-03-03,23.0,23.0,22.65,22.8,174446
2025-03-04,22.8,22.8,22.2,22.8,165574
2025-03-05,22.85,23.35,22.65,23.25,185196
2025-03-06,23.25,23.25,22.9,23.05,104459
2025-03-07,23.0,23.05,22.6,22.9,265104
2025-03-10,23.1,23.5,22.8,23.0,656350
2025-03-11,23.15,23.65,22.2,23.15,895362
2025-03-12,23.2,23.75,22.9,23.4,1363213
2025-03-13,23.5,23.85,22.3,22.3,836961
2025-03-14,22.65,22.65,22.3,22.4,173103
2025-03-17,22.4,22.45,21.85,22.25,197660
2025-03-18,22.35,22.4,22.1,22.1,126220
2025-03-19,21.95,22.2,20.9,20.9,590026
2025-03-20,21.05,21.1,20.5,20.55,312990
2025-03-21,20.5,20.5,20.05,20.2,132703
2025-03-24,20.15,20.5,20.1,20.1,120383
2025-03-25,20.1,20.1,19.5,19.6,172959
2025-03-26,19.7,19.7,19.5,19.5,146869
2025-03-27,19.5,20.45,19.3,20.45,260875
2025-03-28,20.5,20.5,19.85,20.15,207302
2025-03-31,20.0,20.2,19.5,20.05,143952
2025-04-01,20.15,20.55,19.95,20.0,202502
2025-04-02,19.95,20.4,19.85,20.05,112141
2025-04-07,18.05,19.75,18.05,19.2,591221
2025-04-08,18.9,18.9,17.6,18.55,843259
2025-04-09,18.6,18.6,16.7,17.85,446644
2025-04-10,19.35,19.6,18.8,19.3,247806
2025-04-11,18.65,19.25,18.35,18.55,222840
2025-04-14,18.55,19.65,18.55,18.7,208097
2025-04-15,18.7,18.9,18.55,18.6,185260
2025-04-16,18.4,18.55,17.8,18.3,163841
2025-04-17,17.95,18.1,17.8,18.05,106107
2025-04-18,18.05,18.2,17.95,17.95,32245
2025-04-21,18.1,18.2,17.45,17.9,191084
2025-04-22,17.8,18.2,17.8,17.9,144672
2025-04-23,18.3,18.5,18.15,18.15,166050
2025-04-24,18.4,18.45,18.0,18.1,94030
2025-04-25,18.3,18.35,17.9,17.95,38276
2025-04-28,17.85,18.1,17.5,17.95,159026
2025-04-29,18.0,18.35,18.0,18.25,112087
2025-04-30,18.3,18.4,18.05,18.05,65067
2025-05-02,18.25,18.35,17.9,18.25,120320
2025-05-05,18.25,18.25,17.9,18.0,119000
2025-05-06,18.0,18.35,18.0,18.1,38061
2025-05-07,18.0,18.2,17.65,17.95,169166
2025-05-08,18.15,18.15,17.9,17.95,43000
2025-05-09,18.3,18.3,17.9,18.05,40175
2025-05-12,18.2,18.55,18.2,18.35,109012
2025-05-13,18.55,18.6,18.15,18.2,130330
2025-05-14,18.5,18.55,18.25,18.3,40243
2025-05-15,18.45,18.45,18.1,18.3,48278
2025-05-16,18.3,18.35,17.9,18.3,61440
2025-05-19,18.55,18.55,16.9,17.85,313618
2025-05-20,18.3,18.3,17.85,18.0,83002
2025-05-21,18.1,18.2,18.0,18.05,34702
2025-05-22,18.3,18.75,18.0,18.35,157061
2025-05-23,18.5,20.15,18.05,18.05,1471710
2025-05-26,18.05,18.4,18.0,18.15,222154
2025-05-27,18.3,18.3,17.9,18.05,65330
2025-05-28,17.8,18.15,17.8,17.95,63001
2025-05-29,18.35,18.35,17.8,17.9,36021
2025-06-02,17.6,18.15,16.8,17.7,179170
2025-06-03,17.7,18.0,17.3,17.35,58037
2025-06-04,17.35,17.75,17.3,17.55,80207
2025-06-05,17.55,17.75,17.5,17.65,72042
2025-06-06,17.85,18.0,17.75,17.85,57040
2025-06-09,18.1,18.1,17.7,17.7,137043
2025-06-10,17.95,18.1,17.75,17.9,138046
